,Target,Class,Type,Vulnerabilities
0,yarn.lock,lang-pkgs,yarn,"{'VulnerabilityID': 'CVE-2023-25166', 'PkgID': '@sideway/formula@3.0.0', 'PkgName': '@sideway/formula', 'InstalledVersion': '3.0.0', 'FixedVersion': '3.0.1', 'Status': 'fixed', 'Layer': {}, 'SeveritySource': 'ghsa', 'PrimaryURL': 'https://avd.aquasec.com/nvd/cve-2023-25166', 'DataSource': {'ID': 'ghsa', 'Name': 'GitHub Security Advisory Npm', 'URL': 'https://github.com/advisories?query=type%3Areviewed+ecosystem%3Anpm'}, 'Title': 'Regular Expression Denial of Service (ReDoS) Vulnerability', 'Description': ""formula is a math and string formula parser. In versions prior to 3.0.1 crafted user-provided strings to formula's parser might lead to polynomial execution time and a denial of service. Users should upgrade to 3.0.1+. There are no known workarounds for this vulnerability."", 'Severity': 'MEDIUM', 'CweIDs': ['CWE-1333'], 'CVSS': {'ghsa': {'V3Vector': 'CVSS:3.1/AV:L/AC:L/PR:N/UI:R/S:U/C:N/I:N/A:H', 'V3Score': 5.5}, 'nvd': {'V3Vector': 'CVSS:3.1/AV:N/AC:L/PR:L/UI:N/S:U/C:N/I:N/A:H', 'V3Score': 6.5}, 'redhat': {'V3Vector': 'CVSS:3.1/AV:N/AC:L/PR:L/UI:N/S:U/C:N/I:N/A:H', 'V3Score': 6.5}}, 'References': ['https://access.redhat.com/security/cve/CVE-2023-25166', 'https://github.com/hapijs/formula', 'https://github.com/hapijs/formula/commit/9fbc20a02d75ae809c37a610a57802cd1b41b3fe', 'https://github.com/hapijs/formula/security/advisories/GHSA-c2jc-4fpr-4vhg', 'https://nvd.nist.gov/vuln/detail/CVE-2023-25166', 'https://www.cve.org/CVERecord?id=CVE-2023-25166'], 'PublishedDate': '2023-02-08T20:15:00Z', 'LastModifiedDate': '2023-02-16T19:53:00Z'}"
1,yarn.lock,lang-pkgs,yarn,"{'VulnerabilityID': 'CVE-2021-3807', 'PkgID': 'ansi-regex@4.1.0', 'PkgName': 'ansi-regex', 'InstalledVersion': '4.1.0', 'FixedVersion': '6.0.1, 5.0.1, 4.1.1, 3.0.1', 'Status': 'fixed', 'Layer': {}, 'SeveritySource': 'ghsa', 'PrimaryURL': 'https://avd.aquasec.com/nvd/cve-2021-3807', 'DataSource': {'ID': 'ghsa', 'Name': 'GitHub Security Advisory Npm', 'URL': 'https://github.com/advisories?query=type%3Areviewed+ecosystem%3Anpm'}, 'Title': 'Regular expression denial of service (ReDoS) matching ANSI escape codes', 'Description': 'ansi-regex is vulnerable to Inefficient Regular Expression Complexity', 'Severity': 'HIGH', 'CweIDs': ['CWE-1333'], 'CVSS': {'ghsa': {'V3Vector': 'CVSS:3.1/AV:N/AC:L/PR:N/UI:N/S:U/C:N/I:N/A:H', 'V3Score': 7.5}, 'nvd': {'V2Vector': 'AV:N/AC:L/Au:N/C:N/I:N/A:C', 'V3Vector': 'CVSS:3.1/AV:N/AC:L/PR:N/UI:N/S:U/C:N/I:N/A:H', 'V2Score': 7.8, 'V3Score': 7.5}, 'redhat': {'V3Vector': 'CVSS:3.1/AV:N/AC:L/PR:N/UI:N/S:U/C:N/I:N/A:H', 'V3Score': 7.5}}, 'References': ['https://access.redhat.com/security/cve/CVE-2021-3807', 'https://app.snyk.io/vuln/SNYK-JS-ANSIREGEX-1583908', 'https://errata.almalinux.org/8/ALSA-2022-0350.html', 'https://github.com/chalk/ansi-regex', 'https://github.com/chalk/ansi-regex/commit/419250fa510bf31b4cc672e76537a64f9332e1f1', 'https://github.com/chalk/ansi-regex/commit/75a657da7af875b2e2724fd6331bf0a4b23d3c9a', 'https://github.com/chalk/ansi-regex/commit/8d1d7cdb586269882c4bdc1b7325d0c58c8f76f9', 'https://github.com/chalk/ansi-regex/commit/c3c0b3f2736b9c01feec0fef33980c43720dcde8', 'https://github.com/chalk/ansi-regex/issues/38#issuecomment-924086311', 'https://github.com/chalk/ansi-regex/issues/38#issuecomment-925924774', 'https://github.com/chalk/ansi-regex/releases/tag/v6.0.1', 'https://huntr.dev/bounties/5b3cf33b-ede0-4398-9974-800876dfd994', 'https://linux.oracle.com/cve/CVE-2021-3807.html', 'https://linux.oracle.com/errata/ELSA-2022-6595.html', 'https://nvd.nist.gov/vuln/detail/CVE-2021-3807', 'https://security.netapp.com/advisory/ntap-20221014-0002/', 'https://www.cve.org/CVERecord?id=CVE-2021-3807', 'https://www.oracle.com/security-alerts/cpuapr2022.html'], 'PublishedDate': '2021-09-17T07:15:00Z', 'LastModifiedDate': '2023-07-10T19:01:00Z'}"
2,yarn.lock,lang-pkgs,yarn,"{'VulnerabilityID': 'CVE-2021-3807', 'PkgID': 'ansi-regex@5.0.0', 'PkgName': 'ansi-regex', 'InstalledVersion': '5.0.0', 'FixedVersion': '6.0.1, 5.0.1, 4.1.1, 3.0.1', 'Status': 'fixed', 'Layer': {}, 'SeveritySource': 'ghsa', 'PrimaryURL': 'https://avd.aquasec.com/nvd/cve-2021-3807', 'DataSource': {'ID': 'ghsa', 'Name': 'GitHub Security Advisory Npm', 'URL': 'https://github.com/advisories?query=type%3Areviewed+ecosystem%3Anpm'}, 'Title': 'Regular expression denial of service (ReDoS) matching ANSI escape codes', 'Description': 'ansi-regex is vulnerable to Inefficient Regular Expression Complexity', 'Severity': 'HIGH', 'CweIDs': ['CWE-1333'], 'CVSS': {'ghsa': {'V3Vector': 'CVSS:3.1/AV:N/AC:L/PR:N/UI:N/S:U/C:N/I:N/A:H', 'V3Score': 7.5}, 'nvd': {'V2Vector': 'AV:N/AC:L/Au:N/C:N/I:N/A:C', 'V3Vector': 'CVSS:3.1/AV:N/AC:L/PR:N/UI:N/S:U/C:N/I:N/A:H', 'V2Score': 7.8, 'V3Score': 7.5}, 'redhat': {'V3Vector': 'CVSS:3.1/AV:N/AC:L/PR:N/UI:N/S:U/C:N/I:N/A:H', 'V3Score': 7.5}}, 'References': ['https://access.redhat.com/security/cve/CVE-2021-3807', 'https://app.snyk.io/vuln/SNYK-JS-ANSIREGEX-1583908', 'https://errata.almalinux.org/8/ALSA-2022-0350.html', 'https://github.com/chalk/ansi-regex', 'https://github.com/chalk/ansi-regex/commit/419250fa510bf31b4cc672e76537a64f9332e1f1', 'https://github.com/chalk/ansi-regex/commit/75a657da7af875b2e2724fd6331bf0a4b23d3c9a', 'https://github.com/chalk/ansi-regex/commit/8d1d7cdb586269882c4bdc1b7325d0c58c8f76f9', 'https://github.com/chalk/ansi-regex/commit/c3c0b3f2736b9c01feec0fef33980c43720dcde8', 'https://github.com/chalk/ansi-regex/issues/38#issuecomment-924086311', 'https://github.com/chalk/ansi-regex/issues/38#issuecomment-925924774', 'https://github.com/chalk/ansi-regex/releases/tag/v6.0.1', 'https://huntr.dev/bounties/5b3cf33b-ede0-4398-9974-800876dfd994', 'https://linux.oracle.com/cve/CVE-2021-3807.html', 'https://linux.oracle.com/errata/ELSA-2022-6595.html', 'https://nvd.nist.gov/vuln/detail/CVE-2021-3807', 'https://security.netapp.com/advisory/ntap-20221014-0002/', 'https://www.cve.org/CVERecord?id=CVE-2021-3807', 'https://www.oracle.com/security-alerts/cpuapr2022.html'], 'PublishedDate': '2021-09-17T07:15:00Z', 'LastModifiedDate': '2023-07-10T19:01:00Z'}"
3,yarn.lock,lang-pkgs,yarn,"{'VulnerabilityID': 'CVE-2021-43138', 'PkgID': 'async@2.6.3', 'PkgName': 'async', 'InstalledVersion': '2.6.3', 'FixedVersion': '3.2.2, 2.6.4', 'Status': 'fixed', 'Layer': {}, 'SeveritySource': 'ghsa', 'PrimaryURL': 'https://avd.aquasec.com/nvd/cve-2021-43138', 'DataSource': {'ID': 'ghsa', 'Name': 'GitHub Security Advisory Npm', 'URL': 'https://github.com/advisories?query=type%3Areviewed+ecosystem%3Anpm'}, 'Title': 'Prototype Pollution in async', 'Description': 'In Async before 2.6.4 and 3.x before 3.2.2, a malicious user can obtain privileges via the mapValues() method, aka lib/internal/iterator.js createObjectIterator prototype pollution.', 'Severity': 'HIGH', 'CweIDs': ['CWE-1321'], 'CVSS': {'ghsa': {'V3Vector': 'CVSS:3.1/AV:L/AC:L/PR:N/UI:R/S:U/C:H/I:H/A:H', 'V3Score': 7.8}, 'nvd': {'V2Vector': 'AV:N/AC:M/Au:N/C:P/I:P/A:P', 'V3Vector': 'CVSS:3.1/AV:L/AC:L/PR:N/UI:R/S:U/C:H/I:H/A:H', 'V2Score': 6.8, 'V3Score': 7.8}, 'redhat': {'V3Vector': 'CVSS:3.1/AV:L/AC:L/PR:N/UI:R/S:U/C:H/I:H/A:H', 'V3Score': 7.8}}, 'References': ['https://access.redhat.com/security/cve/CVE-2021-43138', 'https://github.com/advisories/GHSA-fwr7-v2mv-hh25', 'https://github.com/caolan/async', 'https://github.com/caolan/async/blob/master/lib/internal/iterator.js', 'https://github.com/caolan/async/blob/master/lib/mapValuesLimit.js', 'https://github.com/caolan/async/blob/v2.6.4/CHANGELOG.md#v264', 'https://github.com/caolan/async/commit/8f7f90342a6571ba1c197d747ebed30c368096d2', 'https://github.com/caolan/async/commit/e1ecdbf79264f9ab488c7799f4c76996d5dca66d', 'https://github.com/caolan/async/compare/v2.6.3...v2.6.4', 'https://github.com/caolan/async/pull/1828', 'https://jsfiddle.net/oz5twjd9/', 'https://lists.fedoraproject.org/archives/list/package-announce@lists.fedoraproject.org/message/MTEUUTNIEBHGKUKKLNUZSV7IEP6IP3Q3/', 'https://lists.fedoraproject.org/archives/list/package-announce@lists.fedoraproject.org/message/UM6XJ73Q3NAM5KSGCOKJ2ZIA6GUWUJLK/', 'https://nvd.nist.gov/vuln/detail/CVE-2021-43138', 'https://www.cve.org/CVERecord?id=CVE-2021-43138'], 'PublishedDate': '2022-04-06T17:15:00Z', 'LastModifiedDate': '2023-02-23T20:20:00Z'}"
4,yarn.lock,lang-pkgs,yarn,"{'VulnerabilityID': 'CVE-2022-1365', 'PkgID': 'cross-fetch@3.1.4', 'PkgName': 'cross-fetch', 'InstalledVersion': '3.1.4', 'FixedVersion': '3.1.5, 2.2.6', 'Status': 'fixed', 'Layer': {}, 'SeveritySource': 'ghsa', 'PrimaryURL': 'https://avd.aquasec.com/nvd/cve-2022-1365', 'DataSource': {'ID': 'ghsa', 'Name': 'GitHub Security Advisory Npm', 'URL': 'https://github.com/advisories?query=type%3Areviewed+ecosystem%3Anpm'}, 'Title': 'Exposure of Private Personal Information to an Unauthorized Actor', 'Description': 'Exposure of Private Personal Information to an Unauthorized Actor in GitHub repository lquixada/cross-fetch prior to 3.1.5.', 'Severity': 'MEDIUM', 'CweIDs': ['CWE-863'], 'CVSS': {'ghsa': {'V3Vector': 'CVSS:3.1/AV:N/AC:L/PR:N/UI:R/S:C/C:L/I:L/A:N', 'V3Score': 6.1}, 'nvd': {'V2Vector': 'AV:N/AC:L/Au:S/C:P/I:N/A:N', 'V3Vector': 'CVSS:3.1/AV:N/AC:L/PR:L/UI:N/S:U/C:H/I:N/A:N', 'V2Score': 4, 'V3Score': 6.5}, 'redhat': {'V3Vector': 'CVSS:3.1/AV:N/AC:L/PR:L/UI:N/S:U/C:H/I:L/A:N', 'V3Score': 7.1}}, 'References': ['https://access.redhat.com/security/cve/CVE-2022-1365', 'https://github.com/lquixada/cross-fetch', 'https://github.com/lquixada/cross-fetch/commit/a3b3a9481091ddd06b8f83784ba9c4e034dc912a', 'https://github.com/lquixada/cross-fetch/pull/135', 'https://huntr.dev/bounties/ab55dfdd-2a60-437a-a832-e3efe3d264ac', 'https://huntr.dev/bounties/ab55dfdd-2a60-437a-a832-e3efe3d264ac/', 'https://nvd.nist.gov/vuln/detail/CVE-2022-1365', 'https://www.cve.org/CVERecord?id=CVE-2022-1365'], 'PublishedDate': '2022-04-15T23:15:00Z', 'LastModifiedDate': '2022-11-22T19:16:00Z'}"
5,yarn.lock,lang-pkgs,yarn,"{'VulnerabilityID': 'CVE-2022-38900', 'PkgID': 'decode-uri-component@0.2.0', 'PkgName': 'decode-uri-component', 'InstalledVersion': '0.2.0', 'FixedVersion': '0.2.1', 'Status': 'fixed', 'Layer': {}, 'SeveritySource': 'ghsa', 'PrimaryURL': 'https://avd.aquasec.com/nvd/cve-2022-38900', 'DataSource': {'ID': 'ghsa', 'Name': 'GitHub Security Advisory Npm', 'URL': 'https://github.com/advisories?query=type%3Areviewed+ecosystem%3Anpm'}, 'Title': 'improper input validation resulting in DoS', 'Description': 'decode-uri-component 0.2.0 is vulnerable to Improper Input Validation resulting in DoS.', 'Severity': 'HIGH', 'CweIDs': ['CWE-20'], 'CVSS': {'ghsa': {'V3Vector': 'CVSS:3.1/AV:N/AC:L/PR:N/UI:N/S:U/C:N/I:N/A:H', 'V3Score': 7.5}, 'nvd': {'V3Vector': 'CVSS:3.1/AV:N/AC:L/PR:N/UI:N/S:U/C:N/I:N/A:H', 'V3Score': 7.5}, 'redhat': {'V3Vector': 'CVSS:3.1/AV:N/AC:L/PR:N/UI:N/S:U/C:N/I:N/A:H', 'V3Score': 7.5}}, 'References': ['https://access.redhat.com/errata/RHSA-2023:1743', 'https://access.redhat.com/security/cve/CVE-2022-38900', 'https://bugzilla.redhat.com/2134609', 'https://bugzilla.redhat.com/2156324', 'https://bugzilla.redhat.com/2165824', 'https://bugzilla.redhat.com/2168631', 'https://bugzilla.redhat.com/2170644', 'https://bugzilla.redhat.com/2171935', 'https://bugzilla.redhat.com/2172217', 'https://errata.almalinux.org/8/ALSA-2023-1743.html', 'https://github.com/SamVerschueren/decode-uri-component', 'https://github.com/SamVerschueren/decode-uri-component/commit/746ca5dcb6667c5d364e782d53c542830e4c10b9', 'https://github.com/SamVerschueren/decode-uri-component/issues/5', 'https://github.com/SamVerschueren/decode-uri-component/releases/tag/v0.2.1', 'https://github.com/advisories/GHSA-w573-4hg7-7wgq', 'https://github.com/sindresorhus/query-string/issues/345', 'https://linux.oracle.com/cve/CVE-2022-38900.html', 'https://linux.oracle.com/errata/ELSA-2023-1743.html', 'https://lists.fedoraproject.org/archives/list/package-announce@lists.fedoraproject.org/message/ERN6YE3DS7NBW7UH44SCJBMNC2NWQ7SM/', 'https://lists.fedoraproject.org/archives/list/package-announce@lists.fedoraproject.org/message/KAC5KQ2SEWAMQ6UZAUBZ5KXKEOESH375/', 'https://lists.fedoraproject.org/archives/list/package-announce@lists.fedoraproject.org/message/QABOUA2I542UTANVZIVFKWMRYVHLV32D/', 'https://lists.fedoraproject.org/archives/list/package-announce@lists.fedoraproject.org/message/UW4SCMT3SEUFVIL7YIADQ5K36GJEO6I5/', 'https://lists.fedoraproject.org/archives/list/package-announce@lists.fedoraproject.org/message/VNV2GNZXOTEDAJRFH3ZYWRUBGIVL7BSU/', 'https://nvd.nist.gov/vuln/detail/CVE-2022-38900', 'https://www.cve.org/CVERecord?id=CVE-2022-38900'], 'PublishedDate': '2022-11-28T13:15:00Z', 'LastModifiedDate': '2023-07-01T06:15:00Z'}"
6,yarn.lock,lang-pkgs,yarn,"{'VulnerabilityID': 'CVE-2021-24037', 'PkgID': 'hermes-engine@0.7.2', 'PkgName': 'hermes-engine', 'InstalledVersion': '0.7.2', 'FixedVersion': '0.8.0', 'Status': 'fixed', 'Layer': {}, 'SeveritySource': 'ghsa', 'PrimaryURL': 'https://avd.aquasec.com/nvd/cve-2021-24037', 'DataSource': {'ID': 'ghsa', 'Name': 'GitHub Security Advisory Npm', 'URL': 'https://github.com/advisories?query=type%3Areviewed+ecosystem%3Anpm'}, 'Title': 'Use After Free in Hermes', 'Description': 'A use after free in hermes, while emitting certain error messages, prior to commit d86e185e485b6330216dee8e854455c694e3a36e allows attackers to potentially execute arbitrary code via crafted JavaScript. Note that this is only exploitable if the application using Hermes permits evaluation of untrusted JavaScript. Hence, most React Native applications are not affected.', 'Severity': 'CRITICAL', 'CweIDs': ['CWE-416'], 'CVSS': {'ghsa': {'V3Vector': 'CVSS:3.1/AV:N/AC:L/PR:N/UI:N/S:U/C:H/I:H/A:H', 'V3Score': 9.8}, 'nvd': {'V2Vector': 'AV:N/AC:L/Au:N/C:P/I:P/A:P', 'V3Vector': 'CVSS:3.1/AV:N/AC:L/PR:N/UI:N/S:U/C:H/I:H/A:H', 'V2Score': 7.5, 'V3Score': 9.8}}, 'References': ['https://github.com/facebook/hermes', 'https://github.com/facebook/hermes/commit/d86e185e485b6330216dee8e854455c694e3a36e', 'https://nvd.nist.gov/vuln/detail/CVE-2021-24037', 'https://www.facebook.com/security/advisories/CVE-2021-24037'], 'PublishedDate': '2021-06-15T22:15:00Z', 'LastModifiedDate': '2021-06-23T19:43:00Z'}"
7,yarn.lock,lang-pkgs,yarn,"{'VulnerabilityID': 'CVE-2021-24044', 'PkgID': 'hermes-engine@0.7.2', 'PkgName': 'hermes-engine', 'InstalledVersion': '0.7.2', 'FixedVersion': '0.10.0', 'Status': 'fixed', 'Layer': {}, 'SeveritySource': 'ghsa', 'PrimaryURL': 'https://avd.aquasec.com/nvd/cve-2021-24044', 'DataSource': {'ID': 'ghsa', 'Name': 'GitHub Security Advisory Npm', 'URL': 'https://github.com/advisories?query=type%3Areviewed+ecosystem%3Anpm'}, 'Title': 'Access of Resource Using Incompatible Type in Hermes', 'Description': 'By passing invalid javascript code where await and yield were called upon non-async and non-generator getter/setter functions, Hermes would invoke generator functions and error out on invalid await/yield positions. This could result in segmentation fault as a consequence of type confusion error, with a low chance of RCE. This issue affects Hermes versions prior to v0.10.0.', 'Severity': 'CRITICAL', 'CweIDs': ['CWE-843'], 'CVSS': {'ghsa': {'V3Vector': 'CVSS:3.1/AV:N/AC:L/PR:N/UI:N/S:U/C:H/I:H/A:H', 'V3Score': 9.8}, 'nvd': {'V2Vector': 'AV:N/AC:L/Au:N/C:P/I:P/A:P', 'V3Vector': 'CVSS:3.1/AV:N/AC:L/PR:N/UI:N/S:U/C:H/I:H/A:H', 'V2Score': 7.5, 'V3Score': 9.8}}, 'References': ['https://github.com/facebook/hermes', 'https://nvd.nist.gov/vuln/detail/CVE-2021-24044', 'https://www.facebook.com/security/advisories/cve-2021-24044'], 'PublishedDate': '2022-01-15T01:15:00Z', 'LastModifiedDate': '2022-01-24T19:53:00Z'}"
8,yarn.lock,lang-pkgs,yarn,"{'VulnerabilityID': 'CVE-2022-46175', 'PkgID': 'json5@1.0.1', 'PkgName': 'json5', 'InstalledVersion': '1.0.1', 'FixedVersion': '2.2.2, 1.0.2', 'Status': 'fixed', 'Layer': {}, 'SeveritySource': 'ghsa', 'PrimaryURL': 'https://avd.aquasec.com/nvd/cve-2022-46175', 'DataSource': {'ID': 'ghsa', 'Name': 'GitHub Security Advisory Npm', 'URL': 'https://github.com/advisories?query=type%3Areviewed+ecosystem%3Anpm'}, 'Title': 'Prototype Pollution in JSON5 via Parse Method', 'Description': 'JSON5 is an extension to the popular JSON file format that aims to be easier to write and maintain by hand (e.g. for config files). The `parse` method of the JSON5 library before and including versions 1.0.1 and 2.2.1 does not restrict parsing of keys named `__proto__`, allowing specially crafted strings to pollute the prototype of the resulting object. This vulnerability pollutes the prototype of the object returned by `JSON5.parse` and not the global Object prototype, which is the commonly understood definition of Prototype Pollution. However, polluting the prototype of a single object can have significant security impact for an application if the object is later used in trusted operations. This vulnerability could allow an attacker to set arbitrary and unexpected keys on the object returned from `JSON5.parse`. The actual impact will depend on how applications utilize the returned object and how they filter unwanted keys, but could include denial of service, cross-site scripting, elevation of privilege, and in extreme cases, remote code execution. `JSON5.parse` should restrict parsing of `__proto__` keys when parsing JSON strings to objects. As a point of reference, the `JSON.parse` method included in JavaScript ignores `__proto__` keys. Simply changing `JSON5.parse` to `JSON.parse` in the examples above mitigates this vulnerability. This vulnerability is patched in json5 versions 1.0.2, 2.2.2, and later.', 'Severity': 'HIGH', 'CweIDs': ['CWE-1321'], 'CVSS': {'ghsa': {'V3Vector': 'CVSS:3.1/AV:N/AC:H/PR:L/UI:N/S:U/C:H/I:L/A:H', 'V3Score': 7.1}, 'nvd': {'V3Vector': 'CVSS:3.1/AV:N/AC:L/PR:L/UI:N/S:U/C:H/I:H/A:H', 'V3Score': 8.8}, 'redhat': {'V3Vector': 'CVSS:3.1/AV:N/AC:L/PR:L/UI:N/S:U/C:H/I:H/A:H', 'V3Score': 8.8}}, 'References': ['https://access.redhat.com/security/cve/CVE-2022-46175', 'https://github.com/json5/json5', 'https://github.com/json5/json5/commit/62a65408408d40aeea14c7869ed327acead12972', 'https://github.com/json5/json5/commit/7774c1097993bc3ce9f0ac4b722a32bf7d6871c8', 'https://github.com/json5/json5/issues/199', 'https://github.com/json5/json5/issues/295', 'https://github.com/json5/json5/pull/298', 'https://github.com/json5/json5/security/advisories/GHSA-9c47-m6qq-7p4h', 'https://lists.fedoraproject.org/archives/list/package-announce@lists.fedoraproject.org/message/3S26TLPLVFAJTUN3VIXFDEBEXDYO22CE/', 'https://nvd.nist.gov/vuln/detail/CVE-2022-46175', 'https://www.cve.org/CVERecord?id=CVE-2022-46175'], 'PublishedDate': '2022-12-24T04:15:00Z', 'LastModifiedDate': '2023-02-28T18:36:00Z'}"
9,yarn.lock,lang-pkgs,yarn,"{'VulnerabilityID': 'CVE-2022-46175', 'PkgID': 'json5@2.2.0', 'PkgName': 'json5', 'InstalledVersion': '2.2.0', 'FixedVersion': '2.2.2, 1.0.2', 'Status': 'fixed', 'Layer': {}, 'SeveritySource': 'ghsa', 'PrimaryURL': 'https://avd.aquasec.com/nvd/cve-2022-46175', 'DataSource': {'ID': 'ghsa', 'Name': 'GitHub Security Advisory Npm', 'URL': 'https://github.com/advisories?query=type%3Areviewed+ecosystem%3Anpm'}, 'Title': 'Prototype Pollution in JSON5 via Parse Method', 'Description': 'JSON5 is an extension to the popular JSON file format that aims to be easier to write and maintain by hand (e.g. for config files). The `parse` method of the JSON5 library before and including versions 1.0.1 and 2.2.1 does not restrict parsing of keys named `__proto__`, allowing specially crafted strings to pollute the prototype of the resulting object. This vulnerability pollutes the prototype of the object returned by `JSON5.parse` and not the global Object prototype, which is the commonly understood definition of Prototype Pollution. However, polluting the prototype of a single object can have significant security impact for an application if the object is later used in trusted operations. This vulnerability could allow an attacker to set arbitrary and unexpected keys on the object returned from `JSON5.parse`. The actual impact will depend on how applications utilize the returned object and how they filter unwanted keys, but could include denial of service, cross-site scripting, elevation of privilege, and in extreme cases, remote code execution. `JSON5.parse` should restrict parsing of `__proto__` keys when parsing JSON strings to objects. As a point of reference, the `JSON.parse` method included in JavaScript ignores `__proto__` keys. Simply changing `JSON5.parse` to `JSON.parse` in the examples above mitigates this vulnerability. This vulnerability is patched in json5 versions 1.0.2, 2.2.2, and later.', 'Severity': 'HIGH', 'CweIDs': ['CWE-1321'], 'CVSS': {'ghsa': {'V3Vector': 'CVSS:3.1/AV:N/AC:H/PR:L/UI:N/S:U/C:H/I:L/A:H', 'V3Score': 7.1}, 'nvd': {'V3Vector': 'CVSS:3.1/AV:N/AC:L/PR:L/UI:N/S:U/C:H/I:H/A:H', 'V3Score': 8.8}, 'redhat': {'V3Vector': 'CVSS:3.1/AV:N/AC:L/PR:L/UI:N/S:U/C:H/I:H/A:H', 'V3Score': 8.8}}, 'References': ['https://access.redhat.com/security/cve/CVE-2022-46175', 'https://github.com/json5/json5', 'https://github.com/json5/json5/commit/62a65408408d40aeea14c7869ed327acead12972', 'https://github.com/json5/json5/commit/7774c1097993bc3ce9f0ac4b722a32bf7d6871c8', 'https://github.com/json5/json5/issues/199', 'https://github.com/json5/json5/issues/295', 'https://github.com/json5/json5/pull/298', 'https://github.com/json5/json5/security/advisories/GHSA-9c47-m6qq-7p4h', 'https://lists.fedoraproject.org/archives/list/package-announce@lists.fedoraproject.org/message/3S26TLPLVFAJTUN3VIXFDEBEXDYO22CE/', 'https://nvd.nist.gov/vuln/detail/CVE-2022-46175', 'https://www.cve.org/CVERecord?id=CVE-2022-46175'], 'PublishedDate': '2022-12-24T04:15:00Z', 'LastModifiedDate': '2023-02-28T18:36:00Z'}"
10,yarn.lock,lang-pkgs,yarn,"{'VulnerabilityID': 'CVE-2022-3517', 'PkgID': 'minimatch@3.0.4', 'PkgName': 'minimatch', 'InstalledVersion': '3.0.4', 'FixedVersion': '3.0.5', 'Status': 'fixed', 'Layer': {}, 'SeveritySource': 'ghsa', 'PrimaryURL': 'https://avd.aquasec.com/nvd/cve-2022-3517', 'DataSource': {'ID': 'ghsa', 'Name': 'GitHub Security Advisory Npm', 'URL': 'https://github.com/advisories?query=type%3Areviewed+ecosystem%3Anpm'}, 'Title': 'ReDoS via the braceExpand function', 'Description': 'A vulnerability was found in the minimatch package. This flaw allows a Regular Expression Denial of Service (ReDoS) when calling the braceExpand function with specific arguments, resulting in a Denial of Service.', 'Severity': 'HIGH', 'CweIDs': ['CWE-1333'], 'CVSS': {'ghsa': {'V3Vector': 'CVSS:3.1/AV:N/AC:L/PR:N/UI:N/S:U/C:N/I:N/A:H', 'V3Score': 7.5}, 'nvd': {'V3Vector': 'CVSS:3.1/AV:N/AC:L/PR:N/UI:N/S:U/C:N/I:N/A:H', 'V3Score': 7.5}, 'redhat': {'V3Vector': 'CVSS:3.1/AV:N/AC:L/PR:N/UI:N/S:U/C:N/I:N/A:H', 'V3Score': 7.5}}, 'References': ['https://access.redhat.com/errata/RHSA-2023:1743', 'https://access.redhat.com/security/cve/CVE-2022-3517', 'https://bugzilla.redhat.com/2134609', 'https://bugzilla.redhat.com/2156324', 'https://bugzilla.redhat.com/2165824', 'https://bugzilla.redhat.com/2168631', 'https://bugzilla.redhat.com/2170644', 'https://bugzilla.redhat.com/2171935', 'https://bugzilla.redhat.com/2172217', 'https://bugzilla.redhat.com/show_bug.cgi?id=2066009', 'https://bugzilla.redhat.com/show_bug.cgi?id=2130518', 'https://bugzilla.redhat.com/show_bug.cgi?id=2134609', 'https://bugzilla.redhat.com/show_bug.cgi?id=2140911', 'https://bugzilla.redhat.com/show_bug.cgi?id=2142808', 'https://cve.mitre.org/cgi-bin/cvename.cgi?name=CVE-2021-44906', 'https://cve.mitre.org/cgi-bin/cvename.cgi?name=CVE-2022-3517', 'https://cve.mitre.org/cgi-bin/cvename.cgi?name=CVE-2022-35256', 'https://cve.mitre.org/cgi-bin/cvename.cgi?name=CVE-2022-43548', 'https://errata.almalinux.org/8/ALSA-2023-1743.html', 'https://errata.rockylinux.org/RLSA-2023:0321', 'https://github.com/grafana/grafana-image-renderer/issues/329', 'https://github.com/isaacs/minimatch', 'https://github.com/isaacs/minimatch/commit/a8763f4388e51956be62dc6025cec1126beeb5e6', 'https://github.com/isaacs/minimatch/commit/a8763f4388e51956be62dc6025cec1126beeb5e6 (v3.0.5)', 'https://github.com/nodejs/node/issues/42510', 'https://linux.oracle.com/cve/CVE-2022-3517.html', 'https://linux.oracle.com/errata/ELSA-2023-1743.html', 'https://lists.debian.org/debian-lts-announce/2023/01/msg00011.html', 'https://lists.fedoraproject.org/archives/list/package-announce@lists.fedoraproject.org/message/MTEUUTNIEBHGKUKKLNUZSV7IEP6IP3Q3/', 'https://lists.fedoraproject.org/archives/list/package-announce@lists.fedoraproject.org/message/UM6XJ73Q3NAM5KSGCOKJ2ZIA6GUWUJLK/', 'https://nvd.nist.gov/vuln/detail/CVE-2022-3517', 'https://ubuntu.com/security/notices/USN-6086-1', 'https://www.cve.org/CVERecord?id=CVE-2022-3517'], 'PublishedDate': '2022-10-17T20:15:00Z', 'LastModifiedDate': '2023-07-21T21:04:00Z'}"
11,yarn.lock,lang-pkgs,yarn,"{'VulnerabilityID': 'CVE-2021-44906', 'PkgID': 'minimist@1.2.5', 'PkgName': 'minimist', 'InstalledVersion': '1.2.5', 'FixedVersion': '1.2.6, 0.2.4', 'Status': 'fixed', 'Layer': {}, 'SeveritySource': 'ghsa', 'PrimaryURL': 'https://avd.aquasec.com/nvd/cve-2021-44906', 'DataSource': {'ID': 'ghsa', 'Name': 'GitHub Security Advisory Npm', 'URL': 'https://github.com/advisories?query=type%3Areviewed+ecosystem%3Anpm'}, 'Title': 'prototype pollution', 'Description': 'Minimist <=1.2.5 is vulnerable to Prototype Pollution via file index.js, function setKey() (lines 69-95).', 'Severity': 'CRITICAL', 'CweIDs': ['CWE-1321'], 'CVSS': {'ghsa': {'V3Vector': 'CVSS:3.1/AV:N/AC:L/PR:N/UI:N/S:U/C:H/I:H/A:H', 'V3Score': 9.8}, 'nvd': {'V2Vector': 'AV:N/AC:L/Au:N/C:P/I:P/A:P', 'V3Vector': 'CVSS:3.1/AV:N/AC:L/PR:N/UI:N/S:U/C:H/I:H/A:H', 'V2Score': 7.5, 'V3Score': 9.8}, 'redhat': {'V3Vector': 'CVSS:3.1/AV:N/AC:L/PR:N/UI:N/S:U/C:H/I:H/A:H', 'V3Score': 9.8}}, 'References': ['https://access.redhat.com/errata/RHSA-2023:0050', 'https://access.redhat.com/security/cve/CVE-2021-44906', 'https://bugzilla.redhat.com/2044591', 'https://bugzilla.redhat.com/2066009', 'https://bugzilla.redhat.com/2134609', 'https://bugzilla.redhat.com/2140911', 'https://bugzilla.redhat.com/2150323', 'https://bugzilla.redhat.com/show_bug.cgi?id=2066009', 'https://bugzilla.redhat.com/show_bug.cgi?id=2130518', 'https://bugzilla.redhat.com/show_bug.cgi?id=2134609', 'https://bugzilla.redhat.com/show_bug.cgi?id=2140911', 'https://bugzilla.redhat.com/show_bug.cgi?id=2142808', 'https://cve.mitre.org/cgi-bin/cvename.cgi?name=CVE-2021-44906', 'https://cve.mitre.org/cgi-bin/cvename.cgi?name=CVE-2022-3517', 'https://cve.mitre.org/cgi-bin/cvename.cgi?name=CVE-2022-35256', 'https://cve.mitre.org/cgi-bin/cvename.cgi?name=CVE-2022-43548', 'https://errata.almalinux.org/8/ALSA-2023-0050.html', 'https://errata.rockylinux.org/RLSA-2023:0321', 'https://github.com/Marynk/JavaScript-vulnerability-detection/blob/main/minimist%20PoC.zip', 'https://github.com/advisories/GHSA-xvch-5gv4-984h', 'https://github.com/minimistjs/minimist/commit/34e20b8461118608703d6485326abbb8e35e1703', 'https://github.com/minimistjs/minimist/commit/bc8ecee43875261f4f17eb20b1243d3ed15e70eb', 'https://github.com/minimistjs/minimist/commit/c2b981977fa834b223b408cfb860f933c9811e4d', 'https://github.com/minimistjs/minimist/commit/ef9153fc52b6cea0744b2239921c5dcae4697f11', 'https://github.com/minimistjs/minimist/commits/v0.2.4', 'https://github.com/minimistjs/minimist/issues/11', 'https://github.com/minimistjs/minimist/pull/24', 'https://github.com/substack/minimist', 'https://github.com/substack/minimist/blob/master/index.js#L69', 'https://github.com/substack/minimist/issues/164', 'https://linux.oracle.com/cve/CVE-2021-44906.html', 'https://linux.oracle.com/errata/ELSA-2023-0321.html', 'https://nvd.nist.gov/vuln/detail/CVE-2021-44906', 'https://snyk.io/vuln/SNYK-JS-MINIMIST-559764', 'https://stackoverflow.com/questions/8588563/adding-custom-properties-to-a-function/20278068#20278068', 'https://www.cve.org/CVERecord?id=CVE-2021-44906'], 'PublishedDate': '2022-03-17T16:15:00Z', 'LastModifiedDate': '2022-04-12T16:52:00Z'}"
12,yarn.lock,lang-pkgs,yarn,"{'VulnerabilityID': 'CVE-2021-23566', 'PkgID': 'nanoid@3.1.23', 'PkgName': 'nanoid', 'InstalledVersion': '3.1.23', 'FixedVersion': '3.1.31', 'Status': 'fixed', 'Layer': {}, 'SeveritySource': 'ghsa', 'PrimaryURL': 'https://avd.aquasec.com/nvd/cve-2021-23566', 'DataSource': {'ID': 'ghsa', 'Name': 'GitHub Security Advisory Npm', 'URL': 'https://github.com/advisories?query=type%3Areviewed+ecosystem%3Anpm'}, 'Title': 'Information disclosure via valueOf() function', 'Description': 'The package nanoid from 3.0.0 and before 3.1.31 are vulnerable to Information Exposure via the valueOf() function which allows to reproduce the last id generated.', 'Severity': 'MEDIUM', 'CweIDs': ['CWE-704'], 'CVSS': {'ghsa': {'V3Vector': 'CVSS:3.1/AV:L/AC:L/PR:L/UI:N/S:U/C:H/I:N/A:N', 'V3Score': 5.5}, 'nvd': {'V2Vector': 'AV:L/AC:L/Au:N/C:P/I:N/A:N', 'V3Vector': 'CVSS:3.1/AV:L/AC:L/PR:L/UI:N/S:U/C:H/I:N/A:N', 'V2Score': 2.1, 'V3Score': 5.5}, 'redhat': {'V3Vector': 'CVSS:3.1/AV:L/AC:L/PR:L/UI:N/S:U/C:H/I:N/A:N', 'V3Score': 5.5}}, 'References': ['https://access.redhat.com/security/cve/CVE-2021-23566', 'https://gist.github.com/artalar/bc6d1eb9a3477d15d2772e876169a444', 'https://github.com/advisories/GHSA-qrpm-p2h7-hrv2', 'https://github.com/ai/nanoid', 'https://github.com/ai/nanoid/commit/2b7bd9332bc49b6330c7ddb08e5c661833db2575', 'https://github.com/ai/nanoid/pull/328', 'https://nvd.nist.gov/vuln/detail/CVE-2021-23566', 'https://snyk.io/vuln/SNYK-JAVA-ORGWEBJARSNPM-2332550', 'https://snyk.io/vuln/SNYK-JS-NANOID-2332193', 'https://www.cve.org/CVERecord?id=CVE-2021-23566'], 'PublishedDate': '2022-01-14T20:15:00Z', 'LastModifiedDate': '2022-07-12T17:42:00Z'}"
13,yarn.lock,lang-pkgs,yarn,"{'VulnerabilityID': 'CVE-2022-0235', 'PkgID': 'node-fetch@2.6.1', 'PkgName': 'node-fetch', 'InstalledVersion': '2.6.1', 'FixedVersion': '3.1.1, 2.6.7', 'Status': 'fixed', 'Layer': {}, 'SeveritySource': 'ghsa', 'PrimaryURL': 'https://avd.aquasec.com/nvd/cve-2022-0235', 'DataSource': {'ID': 'ghsa', 'Name': 'GitHub Security Advisory Npm', 'URL': 'https://github.com/advisories?query=type%3Areviewed+ecosystem%3Anpm'}, 'Title': 'exposure of sensitive information to an unauthorized actor', 'Description': 'node-fetch is vulnerable to Exposure of Sensitive Information to an Unauthorized Actor', 'Severity': 'HIGH', 'CweIDs': ['CWE-200'], 'CVSS': {'ghsa': {'V3Vector': 'CVSS:3.0/AV:N/AC:L/PR:L/UI:N/S:U/C:H/I:H/A:H', 'V3Score': 8.8}, 'nvd': {'V2Vector': 'AV:N/AC:M/Au:N/C:P/I:P/A:N', 'V3Vector': 'CVSS:3.1/AV:N/AC:L/PR:N/UI:R/S:C/C:L/I:L/A:N', 'V2Score': 5.8, 'V3Score': 6.1}, 'redhat': {'V3Vector': 'CVSS:3.1/AV:N/AC:H/PR:N/UI:R/S:C/C:H/I:N/A:N', 'V3Score': 6.1}}, 'References': ['https://access.redhat.com/errata/RHSA-2023:0050', 'https://access.redhat.com/security/cve/CVE-2022-0235', 'https://bugzilla.redhat.com/2044591', 'https://bugzilla.redhat.com/2066009', 'https://bugzilla.redhat.com/2134609', 'https://bugzilla.redhat.com/2140911', 'https://bugzilla.redhat.com/2150323', 'https://cert-portal.siemens.com/productcert/pdf/ssa-637483.pdf', 'https://cve.mitre.org/cgi-bin/cvename.cgi?name=CVE-2022-0235', 'https://errata.almalinux.org/8/ALSA-2023-0050.html', 'https://github.com/node-fetch/node-fetch', 'https://github.com/node-fetch/node-fetch/commit/1ef4b560a17e644a02a3bfdea7631ffeee578b35', 'https://github.com/node-fetch/node-fetch/commit/36e47e8a6406185921e4985dcbeff140d73eaa10', 'https://github.com/node-fetch/node-fetch/commit/5c32f002fdd65b1c6a8f1e3620210813d45c7e60', 'https://github.com/node-fetch/node-fetch/pull/1449/commits/5c32f002fdd65b1c6a8f1e3620210813d45c7e60', 'https://github.com/node-fetch/node-fetch/pull/1453', 'https://huntr.dev/bounties/d26ab655-38d6-48b3-be15-f9ad6b6ae6f7', 'https://huntr.dev/bounties/d26ab655-38d6-48b3-be15-f9ad6b6ae6f7/', 'https://linux.oracle.com/cve/CVE-2022-0235.html', 'https://linux.oracle.com/errata/ELSA-2023-0050.html', 'https://lists.debian.org/debian-lts-announce/2022/12/msg00007.html', 'https://nvd.nist.gov/vuln/detail/CVE-2022-0235', 'https://ubuntu.com/security/notices/USN-6158-1', 'https://www.cve.org/CVERecord?id=CVE-2022-0235'], 'PublishedDate': '2022-01-16T17:15:00Z', 'LastModifiedDate': '2023-02-03T19:16:00Z'}"
14,yarn.lock,lang-pkgs,yarn,"{'VulnerabilityID': 'CVE-2021-3803', 'PkgID': 'nth-check@1.0.2', 'PkgName': 'nth-check', 'InstalledVersion': '1.0.2', 'FixedVersion': '2.0.1', 'Status': 'fixed', 'Layer': {}, 'SeveritySource': 'ghsa', 'PrimaryURL': 'https://avd.aquasec.com/nvd/cve-2021-3803', 'DataSource': {'ID': 'ghsa', 'Name': 'GitHub Security Advisory Npm', 'URL': 'https://github.com/advisories?query=type%3Areviewed+ecosystem%3Anpm'}, 'Title': 'inefficient regular expression complexity', 'Description': 'nth-check is vulnerable to Inefficient Regular Expression Complexity', 'Severity': 'HIGH', 'CweIDs': ['CWE-1333'], 'CVSS': {'ghsa': {'V3Vector': 'CVSS:3.1/AV:N/AC:L/PR:N/UI:N/S:U/C:N/I:N/A:H', 'V3Score': 7.5}, 'nvd': {'V2Vector': 'AV:N/AC:L/Au:N/C:N/I:N/A:P', 'V3Vector': 'CVSS:3.1/AV:N/AC:L/PR:N/UI:N/S:U/C:N/I:N/A:H', 'V2Score': 5, 'V3Score': 7.5}, 'redhat': {'V3Vector': 'CVSS:3.1/AV:N/AC:L/PR:N/UI:N/S:U/C:N/I:N/A:H', 'V3Score': 7.5}}, 'References': ['https://access.redhat.com/security/cve/CVE-2021-3803', 'https://cve.mitre.org/cgi-bin/cvename.cgi?name=CVE-2021-3803', 'https://github.com/advisories/GHSA-rp65-9cf3-cjxr', 'https://github.com/fb55/nth-check', 'https://github.com/fb55/nth-check/commit/9894c1d2010870c351f66c6f6efcf656e26bb726', 'https://github.com/fb55/nth-check/commit/9894c1d2010870c351f66c6f6efcf656e26bb726 (v2.0.1)', 'https://huntr.dev/bounties/8cf8cc06-d2cf-4b4e-b42c-99fafb0b04d0', 'https://huntr.dev/bounties/8cf8cc06-d2cf-4b4e-b42c-99fafb0b04d0/', 'https://lists.debian.org/debian-lts-announce/2023/05/msg00023.html', 'https://nvd.nist.gov/vuln/detail/CVE-2021-3803', 'https://ubuntu.com/security/notices/USN-6114-1', 'https://www.cve.org/CVERecord?id=CVE-2021-3803'], 'PublishedDate': '2021-09-17T07:15:00Z', 'LastModifiedDate': '2023-07-10T18:52:00Z'}"
15,yarn.lock,lang-pkgs,yarn,"{'VulnerabilityID': 'CVE-2022-22912', 'PkgID': 'plist@3.0.2', 'PkgName': 'plist', 'InstalledVersion': '3.0.2', 'FixedVersion': '3.0.5', 'Status': 'fixed', 'Layer': {}, 'SeveritySource': 'ghsa', 'PrimaryURL': 'https://avd.aquasec.com/nvd/cve-2022-22912', 'DataSource': {'ID': 'ghsa', 'Name': 'GitHub Security Advisory Npm', 'URL': 'https://github.com/advisories?query=type%3Areviewed+ecosystem%3Anpm'}, 'Title': 'Prototype pollution in Plist before 3.0.5 can cause denial of service', 'Description': 'Prototype pollution vulnerability via .parse() in Plist before v3.0.4 allows attackers to cause a Denial of Service (DoS) and may lead to remote code execution.', 'Severity': 'CRITICAL', 'CweIDs': ['CWE-1321'], 'CVSS': {'ghsa': {'V3Vector': 'CVSS:3.1/AV:N/AC:L/PR:N/UI:N/S:U/C:H/I:H/A:H', 'V3Score': 9.8}, 'nvd': {'V2Vector': 'AV:N/AC:L/Au:N/C:P/I:P/A:P', 'V3Vector': 'CVSS:3.1/AV:N/AC:L/PR:N/UI:N/S:U/C:H/I:H/A:H', 'V2Score': 7.5, 'V3Score': 9.8}}, 'References': ['https://github.com/TooTallNate/plist.js', 'https://github.com/TooTallNate/plist.js/commit/96e2303d059e6be0c9e0c4773226d14b4758de52', 'https://github.com/TooTallNate/plist.js/issues/114', 'https://github.com/TooTallNate/plist.js/pull/118', 'https://nvd.nist.gov/vuln/detail/CVE-2022-22912'], 'PublishedDate': '2022-02-17T19:15:00Z', 'LastModifiedDate': '2022-07-14T17:02:00Z'}"
16,yarn.lock,lang-pkgs,yarn,"{'VulnerabilityID': 'CVE-2022-24373', 'PkgID': 'react-native-reanimated@2.2.0', 'PkgName': 'react-native-reanimated', 'InstalledVersion': '2.2.0', 'FixedVersion': '2.10.0', 'Status': 'fixed', 'Layer': {}, 'SeveritySource': 'ghsa', 'PrimaryURL': 'https://avd.aquasec.com/nvd/cve-2022-24373', 'DataSource': {'ID': 'ghsa', 'Name': 'GitHub Security Advisory Npm', 'URL': 'https://github.com/advisories?query=type%3Areviewed+ecosystem%3Anpm'}, 'Title': 'react-native-reanimated vulnerable to ReDoS', 'Description': 'The package react-native-reanimated before 3.0.0-rc.1 are vulnerable to Regular Expression Denial of Service (ReDoS) due to improper usage of regular expression in the parser of Colors.js.', 'Severity': 'HIGH', 'CweIDs': ['CWE-1333'], 'CVSS': {'ghsa': {'V3Vector': 'CVSS:3.1/AV:N/AC:L/PR:N/UI:N/S:U/C:N/I:N/A:H', 'V3Score': 7.5}, 'nvd': {'V3Vector': 'CVSS:3.1/AV:N/AC:L/PR:N/UI:N/S:U/C:N/I:N/A:H', 'V3Score': 7.5}}, 'References': ['https://github.com/software-mansion/react-native-reanimated', 'https://github.com/software-mansion/react-native-reanimated/commit/8a927904366fa2d02df7a11553f8b0aa93471279', 'https://github.com/software-mansion/react-native-reanimated/compare/2.9.1...2.10.0', 'https://github.com/software-mansion/react-native-reanimated/pull/3382', 'https://github.com/software-mansion/react-native-reanimated/pull/3382/commits/7adf06d0c59382d884a04be86a96eede3d0432fa', 'https://github.com/software-mansion/react-native-reanimated/releases/tag/3.0.0-rc.1', 'https://nvd.nist.gov/vuln/detail/CVE-2022-24373', 'https://security.snyk.io/vuln/SNYK-JS-REACTNATIVEREANIMATED-2949507'], 'PublishedDate': '2022-09-30T05:15:00Z', 'LastModifiedDate': '2023-08-08T14:22:00Z'}"
17,yarn.lock,lang-pkgs,yarn,"{'VulnerabilityID': 'CVE-2022-25883', 'PkgID': 'semver@5.7.1', 'PkgName': 'semver', 'InstalledVersion': '5.7.1', 'FixedVersion': '7.5.2, 6.3.1, 5.7.2', 'Status': 'fixed', 'Layer': {}, 'SeveritySource': 'ghsa', 'PrimaryURL': 'https://avd.aquasec.com/nvd/cve-2022-25883', 'DataSource': {'ID': 'ghsa', 'Name': 'GitHub Security Advisory Npm', 'URL': 'https://github.com/advisories?query=type%3Areviewed+ecosystem%3Anpm'}, 'Title': 'Regular expression denial of service', 'Description': 'Versions of the package semver before 7.5.2 are vulnerable to Regular Expression Denial of Service (ReDoS) via the function new Range, when untrusted user data is provided as a range.\r\r\r', 'Severity': 'MEDIUM', 'CweIDs': ['CWE-1333'], 'CVSS': {'ghsa': {'V3Vector': 'CVSS:3.1/AV:N/AC:L/PR:N/UI:N/S:U/C:N/I:N/A:L', 'V3Score': 5.3}, 'nvd': {'V3Vector': 'CVSS:3.1/AV:N/AC:L/PR:N/UI:N/S:U/C:N/I:N/A:H', 'V3Score': 7.5}, 'redhat': {'V3Vector': 'CVSS:3.1/AV:N/AC:L/PR:N/UI:N/S:U/C:N/I:N/A:H', 'V3Score': 7.5}}, 'References': ['https://access.redhat.com/security/cve/CVE-2022-25883', 'https://github.com/advisories/GHSA-c2qf-rxjj-qqgw', 'https://github.com/npm/node-semver', 'https://github.com/npm/node-semver/blob/main/classes/range.js#L97-L104', 'https://github.com/npm/node-semver/blob/main/classes/range.js%23L97-L104', 'https://github.com/npm/node-semver/blob/main/internal/re.js#L138', 'https://github.com/npm/node-semver/blob/main/internal/re.js#L160', 'https://github.com/npm/node-semver/blob/main/internal/re.js%23L138', 'https://github.com/npm/node-semver/blob/main/internal/re.js%23L160', 'https://github.com/npm/node-semver/commit/2f8fd41487acf380194579ecb6f8b1bbfe116be0', 'https://github.com/npm/node-semver/commit/717534ee353682f3bcf33e60a8af4292626d4441', 'https://github.com/npm/node-semver/commit/928e56d21150da0413a3333a3148b20e741a920c', 'https://github.com/npm/node-semver/pull/564', 'https://github.com/npm/node-semver/pull/585', 'https://github.com/npm/node-semver/pull/593', 'https://nvd.nist.gov/vuln/detail/CVE-2022-25883', 'https://security.snyk.io/vuln/SNYK-JS-SEMVER-3247795', 'https://www.cve.org/CVERecord?id=CVE-2022-25883'], 'PublishedDate': '2023-06-21T05:15:00Z', 'LastModifiedDate': '2023-07-12T00:53:00Z'}"
18,yarn.lock,lang-pkgs,yarn,"{'VulnerabilityID': 'CVE-2022-25883', 'PkgID': 'semver@6.3.0', 'PkgName': 'semver', 'InstalledVersion': '6.3.0', 'FixedVersion': '7.5.2, 6.3.1, 5.7.2', 'Status': 'fixed', 'Layer': {}, 'SeveritySource': 'ghsa', 'PrimaryURL': 'https://avd.aquasec.com/nvd/cve-2022-25883', 'DataSource': {'ID': 'ghsa', 'Name': 'GitHub Security Advisory Npm', 'URL': 'https://github.com/advisories?query=type%3Areviewed+ecosystem%3Anpm'}, 'Title': 'Regular expression denial of service', 'Description': 'Versions of the package semver before 7.5.2 are vulnerable to Regular Expression Denial of Service (ReDoS) via the function new Range, when untrusted user data is provided as a range.\r\r\r', 'Severity': 'MEDIUM', 'CweIDs': ['CWE-1333'], 'CVSS': {'ghsa': {'V3Vector': 'CVSS:3.1/AV:N/AC:L/PR:N/UI:N/S:U/C:N/I:N/A:L', 'V3Score': 5.3}, 'nvd': {'V3Vector': 'CVSS:3.1/AV:N/AC:L/PR:N/UI:N/S:U/C:N/I:N/A:H', 'V3Score': 7.5}, 'redhat': {'V3Vector': 'CVSS:3.1/AV:N/AC:L/PR:N/UI:N/S:U/C:N/I:N/A:H', 'V3Score': 7.5}}, 'References': ['https://access.redhat.com/security/cve/CVE-2022-25883', 'https://github.com/advisories/GHSA-c2qf-rxjj-qqgw', 'https://github.com/npm/node-semver', 'https://github.com/npm/node-semver/blob/main/classes/range.js#L97-L104', 'https://github.com/npm/node-semver/blob/main/classes/range.js%23L97-L104', 'https://github.com/npm/node-semver/blob/main/internal/re.js#L138', 'https://github.com/npm/node-semver/blob/main/internal/re.js#L160', 'https://github.com/npm/node-semver/blob/main/internal/re.js%23L138', 'https://github.com/npm/node-semver/blob/main/internal/re.js%23L160', 'https://github.com/npm/node-semver/commit/2f8fd41487acf380194579ecb6f8b1bbfe116be0', 'https://github.com/npm/node-semver/commit/717534ee353682f3bcf33e60a8af4292626d4441', 'https://github.com/npm/node-semver/commit/928e56d21150da0413a3333a3148b20e741a920c', 'https://github.com/npm/node-semver/pull/564', 'https://github.com/npm/node-semver/pull/585', 'https://github.com/npm/node-semver/pull/593', 'https://nvd.nist.gov/vuln/detail/CVE-2022-25883', 'https://security.snyk.io/vuln/SNYK-JS-SEMVER-3247795', 'https://www.cve.org/CVERecord?id=CVE-2022-25883'], 'PublishedDate': '2023-06-21T05:15:00Z', 'LastModifiedDate': '2023-07-12T00:53:00Z'}"
19,yarn.lock,lang-pkgs,yarn,"{'VulnerabilityID': 'CVE-2022-25883', 'PkgID': 'semver@7.0.0', 'PkgName': 'semver', 'InstalledVersion': '7.0.0', 'FixedVersion': '7.5.2, 6.3.1, 5.7.2', 'Status': 'fixed', 'Layer': {}, 'SeveritySource': 'ghsa', 'PrimaryURL': 'https://avd.aquasec.com/nvd/cve-2022-25883', 'DataSource': {'ID': 'ghsa', 'Name': 'GitHub Security Advisory Npm', 'URL': 'https://github.com/advisories?query=type%3Areviewed+ecosystem%3Anpm'}, 'Title': 'Regular expression denial of service', 'Description': 'Versions of the package semver before 7.5.2 are vulnerable to Regular Expression Denial of Service (ReDoS) via the function new Range, when untrusted user data is provided as a range.\r\r\r', 'Severity': 'MEDIUM', 'CweIDs': ['CWE-1333'], 'CVSS': {'ghsa': {'V3Vector': 'CVSS:3.1/AV:N/AC:L/PR:N/UI:N/S:U/C:N/I:N/A:L', 'V3Score': 5.3}, 'nvd': {'V3Vector': 'CVSS:3.1/AV:N/AC:L/PR:N/UI:N/S:U/C:N/I:N/A:H', 'V3Score': 7.5}, 'redhat': {'V3Vector': 'CVSS:3.1/AV:N/AC:L/PR:N/UI:N/S:U/C:N/I:N/A:H', 'V3Score': 7.5}}, 'References': ['https://access.redhat.com/security/cve/CVE-2022-25883', 'https://github.com/advisories/GHSA-c2qf-rxjj-qqgw', 'https://github.com/npm/node-semver', 'https://github.com/npm/node-semver/blob/main/classes/range.js#L97-L104', 'https://github.com/npm/node-semver/blob/main/classes/range.js%23L97-L104', 'https://github.com/npm/node-semver/blob/main/internal/re.js#L138', 'https://github.com/npm/node-semver/blob/main/internal/re.js#L160', 'https://github.com/npm/node-semver/blob/main/internal/re.js%23L138', 'https://github.com/npm/node-semver/blob/main/internal/re.js%23L160', 'https://github.com/npm/node-semver/commit/2f8fd41487acf380194579ecb6f8b1bbfe116be0', 'https://github.com/npm/node-semver/commit/717534ee353682f3bcf33e60a8af4292626d4441', 'https://github.com/npm/node-semver/commit/928e56d21150da0413a3333a3148b20e741a920c', 'https://github.com/npm/node-semver/pull/564', 'https://github.com/npm/node-semver/pull/585', 'https://github.com/npm/node-semver/pull/593', 'https://nvd.nist.gov/vuln/detail/CVE-2022-25883', 'https://security.snyk.io/vuln/SNYK-JS-SEMVER-3247795', 'https://www.cve.org/CVERecord?id=CVE-2022-25883'], 'PublishedDate': '2023-06-21T05:15:00Z', 'LastModifiedDate': '2023-07-12T00:53:00Z'}"
20,yarn.lock,lang-pkgs,yarn,"{'VulnerabilityID': 'CVE-2022-25883', 'PkgID': 'semver@7.3.2', 'PkgName': 'semver', 'InstalledVersion': '7.3.2', 'FixedVersion': '7.5.2, 6.3.1, 5.7.2', 'Status': 'fixed', 'Layer': {}, 'SeveritySource': 'ghsa', 'PrimaryURL': 'https://avd.aquasec.com/nvd/cve-2022-25883', 'DataSource': {'ID': 'ghsa', 'Name': 'GitHub Security Advisory Npm', 'URL': 'https://github.com/advisories?query=type%3Areviewed+ecosystem%3Anpm'}, 'Title': 'Regular expression denial of service', 'Description': 'Versions of the package semver before 7.5.2 are vulnerable to Regular Expression Denial of Service (ReDoS) via the function new Range, when untrusted user data is provided as a range.\r\r\r', 'Severity': 'MEDIUM', 'CweIDs': ['CWE-1333'], 'CVSS': {'ghsa': {'V3Vector': 'CVSS:3.1/AV:N/AC:L/PR:N/UI:N/S:U/C:N/I:N/A:L', 'V3Score': 5.3}, 'nvd': {'V3Vector': 'CVSS:3.1/AV:N/AC:L/PR:N/UI:N/S:U/C:N/I:N/A:H', 'V3Score': 7.5}, 'redhat': {'V3Vector': 'CVSS:3.1/AV:N/AC:L/PR:N/UI:N/S:U/C:N/I:N/A:H', 'V3Score': 7.5}}, 'References': ['https://access.redhat.com/security/cve/CVE-2022-25883', 'https://github.com/advisories/GHSA-c2qf-rxjj-qqgw', 'https://github.com/npm/node-semver', 'https://github.com/npm/node-semver/blob/main/classes/range.js#L97-L104', 'https://github.com/npm/node-semver/blob/main/classes/range.js%23L97-L104', 'https://github.com/npm/node-semver/blob/main/internal/re.js#L138', 'https://github.com/npm/node-semver/blob/main/internal/re.js#L160', 'https://github.com/npm/node-semver/blob/main/internal/re.js%23L138', 'https://github.com/npm/node-semver/blob/main/internal/re.js%23L160', 'https://github.com/npm/node-semver/commit/2f8fd41487acf380194579ecb6f8b1bbfe116be0', 'https://github.com/npm/node-semver/commit/717534ee353682f3bcf33e60a8af4292626d4441', 'https://github.com/npm/node-semver/commit/928e56d21150da0413a3333a3148b20e741a920c', 'https://github.com/npm/node-semver/pull/564', 'https://github.com/npm/node-semver/pull/585', 'https://github.com/npm/node-semver/pull/593', 'https://nvd.nist.gov/vuln/detail/CVE-2022-25883', 'https://security.snyk.io/vuln/SNYK-JS-SEMVER-3247795', 'https://www.cve.org/CVERecord?id=CVE-2022-25883'], 'PublishedDate': '2023-06-21T05:15:00Z', 'LastModifiedDate': '2023-07-12T00:53:00Z'}"
21,yarn.lock,lang-pkgs,yarn,"{'VulnerabilityID': 'CVE-2022-25883', 'PkgID': 'semver@7.3.5', 'PkgName': 'semver', 'InstalledVersion': '7.3.5', 'FixedVersion': '7.5.2, 6.3.1, 5.7.2', 'Status': 'fixed', 'Layer': {}, 'SeveritySource': 'ghsa', 'PrimaryURL': 'https://avd.aquasec.com/nvd/cve-2022-25883', 'DataSource': {'ID': 'ghsa', 'Name': 'GitHub Security Advisory Npm', 'URL': 'https://github.com/advisories?query=type%3Areviewed+ecosystem%3Anpm'}, 'Title': 'Regular expression denial of service', 'Description': 'Versions of the package semver before 7.5.2 are vulnerable to Regular Expression Denial of Service (ReDoS) via the function new Range, when untrusted user data is provided as a range.\r\r\r', 'Severity': 'MEDIUM', 'CweIDs': ['CWE-1333'], 'CVSS': {'ghsa': {'V3Vector': 'CVSS:3.1/AV:N/AC:L/PR:N/UI:N/S:U/C:N/I:N/A:L', 'V3Score': 5.3}, 'nvd': {'V3Vector': 'CVSS:3.1/AV:N/AC:L/PR:N/UI:N/S:U/C:N/I:N/A:H', 'V3Score': 7.5}, 'redhat': {'V3Vector': 'CVSS:3.1/AV:N/AC:L/PR:N/UI:N/S:U/C:N/I:N/A:H', 'V3Score': 7.5}}, 'References': ['https://access.redhat.com/security/cve/CVE-2022-25883', 'https://github.com/advisories/GHSA-c2qf-rxjj-qqgw', 'https://github.com/npm/node-semver', 'https://github.com/npm/node-semver/blob/main/classes/range.js#L97-L104', 'https://github.com/npm/node-semver/blob/main/classes/range.js%23L97-L104', 'https://github.com/npm/node-semver/blob/main/internal/re.js#L138', 'https://github.com/npm/node-semver/blob/main/internal/re.js#L160', 'https://github.com/npm/node-semver/blob/main/internal/re.js%23L138', 'https://github.com/npm/node-semver/blob/main/internal/re.js%23L160', 'https://github.com/npm/node-semver/commit/2f8fd41487acf380194579ecb6f8b1bbfe116be0', 'https://github.com/npm/node-semver/commit/717534ee353682f3bcf33e60a8af4292626d4441', 'https://github.com/npm/node-semver/commit/928e56d21150da0413a3333a3148b20e741a920c', 'https://github.com/npm/node-semver/pull/564', 'https://github.com/npm/node-semver/pull/585', 'https://github.com/npm/node-semver/pull/593', 'https://nvd.nist.gov/vuln/detail/CVE-2022-25883', 'https://security.snyk.io/vuln/SNYK-JS-SEMVER-3247795', 'https://www.cve.org/CVERecord?id=CVE-2022-25883'], 'PublishedDate': '2023-06-21T05:15:00Z', 'LastModifiedDate': '2023-07-12T00:53:00Z'}"
22,yarn.lock,lang-pkgs,yarn,"{'VulnerabilityID': 'CVE-2021-42740', 'PkgID': 'shell-quote@1.6.1', 'PkgName': 'shell-quote', 'InstalledVersion': '1.6.1', 'FixedVersion': '1.7.3', 'Status': 'fixed', 'Layer': {}, 'SeveritySource': 'ghsa', 'PrimaryURL': 'https://avd.aquasec.com/nvd/cve-2021-42740', 'DataSource': {'ID': 'ghsa', 'Name': 'GitHub Security Advisory Npm', 'URL': 'https://github.com/advisories?query=type%3Areviewed+ecosystem%3Anpm'}, 'Title': 'The shell-quote package before 1.7.3 for Node.js allows command inject ...', 'Description': 'The shell-quote package before 1.7.3 for Node.js allows command injection. An attacker can inject unescaped shell metacharacters through a regex designed to support Windows drive letters. If the output of this package is passed to a real shell as a quoted argument to a command with exec(), an attacker can inject arbitrary commands. This is because the Windows drive letter regex character class is {A-z] instead of the correct {A-Za-z]. Several shell metacharacters exist in the space between capital letter Z and lower case letter a, such as the backtick character.', 'Severity': 'CRITICAL', 'CweIDs': ['CWE-77'], 'CVSS': {'ghsa': {'V3Vector': 'CVSS:3.1/AV:N/AC:L/PR:N/UI:N/S:U/C:H/I:H/A:H', 'V3Score': 9.8}, 'nvd': {'V2Vector': 'AV:N/AC:L/Au:N/C:P/I:P/A:P', 'V3Vector': 'CVSS:3.1/AV:N/AC:L/PR:N/UI:N/S:U/C:H/I:H/A:H', 'V2Score': 7.5, 'V3Score': 9.8}}, 'References': ['https://github.com/ljharb/shell-quote', 'https://github.com/ljharb/shell-quote/blob/master/CHANGELOG.md#173', 'https://github.com/ljharb/shell-quote/commit/5799416ed454aa4ec9afafc895b4e31760ea1abe', 'https://github.com/substack/node-shell-quote/blob/master/CHANGELOG.md#173', 'https://github.com/substack/node-shell-quote/commit/5799416ed454aa4ec9afafc895b4e31760ea1abe', 'https://nvd.nist.gov/vuln/detail/CVE-2021-42740', 'https://www.npmjs.com/package/shell-quote'], 'PublishedDate': '2021-10-21T15:15:00Z', 'LastModifiedDate': '2021-10-28T13:54:00Z'}"
23,yarn.lock,lang-pkgs,yarn,"{'VulnerabilityID': 'CVE-2021-42740', 'PkgID': 'shell-quote@1.7.2', 'PkgName': 'shell-quote', 'InstalledVersion': '1.7.2', 'FixedVersion': '1.7.3', 'Status': 'fixed', 'Layer': {}, 'SeveritySource': 'ghsa', 'PrimaryURL': 'https://avd.aquasec.com/nvd/cve-2021-42740', 'DataSource': {'ID': 'ghsa', 'Name': 'GitHub Security Advisory Npm', 'URL': 'https://github.com/advisories?query=type%3Areviewed+ecosystem%3Anpm'}, 'Title': 'The shell-quote package before 1.7.3 for Node.js allows command inject ...', 'Description': 'The shell-quote package before 1.7.3 for Node.js allows command injection. An attacker can inject unescaped shell metacharacters through a regex designed to support Windows drive letters. If the output of this package is passed to a real shell as a quoted argument to a command with exec(), an attacker can inject arbitrary commands. This is because the Windows drive letter regex character class is {A-z] instead of the correct {A-Za-z]. Several shell metacharacters exist in the space between capital letter Z and lower case letter a, such as the backtick character.', 'Severity': 'CRITICAL', 'CweIDs': ['CWE-77'], 'CVSS': {'ghsa': {'V3Vector': 'CVSS:3.1/AV:N/AC:L/PR:N/UI:N/S:U/C:H/I:H/A:H', 'V3Score': 9.8}, 'nvd': {'V2Vector': 'AV:N/AC:L/Au:N/C:P/I:P/A:P', 'V3Vector': 'CVSS:3.1/AV:N/AC:L/PR:N/UI:N/S:U/C:H/I:H/A:H', 'V2Score': 7.5, 'V3Score': 9.8}}, 'References': ['https://github.com/ljharb/shell-quote', 'https://github.com/ljharb/shell-quote/blob/master/CHANGELOG.md#173', 'https://github.com/ljharb/shell-quote/commit/5799416ed454aa4ec9afafc895b4e31760ea1abe', 'https://github.com/substack/node-shell-quote/blob/master/CHANGELOG.md#173', 'https://github.com/substack/node-shell-quote/commit/5799416ed454aa4ec9afafc895b4e31760ea1abe', 'https://nvd.nist.gov/vuln/detail/CVE-2021-42740', 'https://www.npmjs.com/package/shell-quote'], 'PublishedDate': '2021-10-21T15:15:00Z', 'LastModifiedDate': '2021-10-28T13:54:00Z'}"
24,yarn.lock,lang-pkgs,yarn,"{'VulnerabilityID': 'CVE-2022-0144', 'PkgID': 'shelljs@0.8.4', 'PkgName': 'shelljs', 'InstalledVersion': '0.8.4', 'FixedVersion': '0.8.5', 'Status': 'fixed', 'Layer': {}, 'SeveritySource': 'ghsa', 'PrimaryURL': 'https://avd.aquasec.com/nvd/cve-2022-0144', 'DataSource': {'ID': 'ghsa', 'Name': 'GitHub Security Advisory Npm', 'URL': 'https://github.com/advisories?query=type%3Areviewed+ecosystem%3Anpm'}, 'Title': 'nodejs-shelljs: improper privilege management', 'Description': 'shelljs is vulnerable to Improper Privilege Management', 'Severity': 'HIGH', 'CweIDs': ['CWE-269'], 'CVSS': {'ghsa': {'V3Vector': 'CVSS:3.0/AV:L/AC:L/PR:L/UI:N/S:U/C:H/I:N/A:H', 'V3Score': 7.1}, 'nvd': {'V2Vector': 'AV:L/AC:L/Au:N/C:P/I:N/A:P', 'V3Vector': 'CVSS:3.1/AV:L/AC:L/PR:L/UI:N/S:U/C:H/I:N/A:H', 'V2Score': 3.6, 'V3Score': 7.1}, 'redhat': {'V3Vector': 'CVSS:3.1/AV:L/AC:L/PR:L/UI:N/S:U/C:H/I:N/A:H', 'V3Score': 7.1}}, 'References': ['https://access.redhat.com/security/cve/CVE-2022-0144', 'https://github.com/shelljs/shelljs', 'https://github.com/shelljs/shelljs/commit/d919d22dd6de385edaa9d90313075a77f74b338c', 'https://huntr.dev/bounties/50996581-c08e-4eed-a90e-c0bac082679c', 'https://huntr.dev/bounties/50996581-c08e-4eed-a90e-c0bac082679c/', 'https://nvd.nist.gov/vuln/detail/CVE-2022-0144', 'https://www.cve.org/CVERecord?id=CVE-2022-0144'], 'PublishedDate': '2022-01-11T07:15:00Z', 'LastModifiedDate': '2022-02-09T14:17:00Z'}"
25,yarn.lock,lang-pkgs,yarn,"{'VulnerabilityID': 'GHSA-64g7-mvw6-v9qj', 'PkgID': 'shelljs@0.8.4', 'PkgName': 'shelljs', 'InstalledVersion': '0.8.4', 'FixedVersion': '0.8.5', 'Status': 'fixed', 'Layer': {}, 'SeveritySource': 'ghsa', 'PrimaryURL': 'https://github.com/advisories/GHSA-64g7-mvw6-v9qj', 'DataSource': {'ID': 'ghsa', 'Name': 'GitHub Security Advisory Npm', 'URL': 'https://github.com/advisories?query=type%3Areviewed+ecosystem%3Anpm'}, 'Title': 'Improper Privilege Management in shelljs', 'Description': '### Impact\nOutput from the synchronous version of `shell.exec()` may be visible to other users on the same system. You may be affected if you execute `shell.exec()` in multi-user Mac, Linux, or WSL environments, or if you execute `shell.exec()` as the root user.\n\nOther shelljs functions (including the asynchronous version of `shell.exec()`) are not impacted.\n\n### Patches\nPatched in shelljs 0.8.5\n\n### Workarounds\nRecommended action is to upgrade to 0.8.5.\n\n### References\nhttps://huntr.dev/bounties/50996581-c08e-4eed-a90e-c0bac082679c/\n\n### For more information\nIf you have any questions or comments about this advisory:\n* Ask at https://github.com/shelljs/shelljs/issues/1058\n* Open an issue at https://github.com/shelljs/shelljs/issues/new\n', 'Severity': 'MEDIUM', 'References': ['https://github.com/shelljs/shelljs', 'https://github.com/shelljs/shelljs/security/advisories/GHSA-64g7-mvw6-v9qj', 'https://huntr.dev/bounties/50996581-c08e-4eed-a90e-c0bac082679c/']}"
26,yarn.lock,lang-pkgs,yarn,"{'VulnerabilityID': 'CVE-2022-26260', 'PkgID': 'simple-plist@1.1.1', 'PkgName': 'simple-plist', 'InstalledVersion': '1.1.1', 'FixedVersion': '1.3.1', 'Status': 'fixed', 'Layer': {}, 'SeveritySource': 'ghsa', 'PrimaryURL': 'https://avd.aquasec.com/nvd/cve-2022-26260', 'DataSource': {'ID': 'ghsa', 'Name': 'GitHub Security Advisory Npm', 'URL': 'https://github.com/advisories?query=type%3Areviewed+ecosystem%3Anpm'}, 'Title': 'Prototype Pollution in simple-plist', 'Description': 'Simple-Plist v1.3.0 was discovered to contain a prototype pollution vulnerability via .parse().', 'Severity': 'CRITICAL', 'CweIDs': ['CWE-1321'], 'CVSS': {'ghsa': {'V3Vector': 'CVSS:3.1/AV:N/AC:L/PR:N/UI:N/S:U/C:H/I:H/A:H', 'V3Score': 9.8}, 'nvd': {'V2Vector': 'AV:N/AC:L/Au:N/C:P/I:P/A:P', 'V3Vector': 'CVSS:3.1/AV:N/AC:L/PR:N/UI:N/S:U/C:H/I:H/A:H', 'V2Score': 7.5, 'V3Score': 9.8}}, 'References': ['https://github.com/wollardj/simple-plist', 'https://github.com/wollardj/simple-plist/issues/60', 'https://github.com/wollardj/simple-plist/issues/60#issuecomment-1083991840', 'https://nvd.nist.gov/vuln/detail/CVE-2022-26260'], 'PublishedDate': '2022-03-22T19:15:00Z', 'LastModifiedDate': '2022-03-28T20:12:00Z'}"
27,yarn.lock,lang-pkgs,yarn,"{'VulnerabilityID': 'CVE-2021-3777', 'PkgID': 'tmpl@1.0.4', 'PkgName': 'tmpl', 'InstalledVersion': '1.0.4', 'FixedVersion': '1.0.5', 'Status': 'fixed', 'Layer': {}, 'SeveritySource': 'ghsa', 'PrimaryURL': 'https://avd.aquasec.com/nvd/cve-2021-3777', 'DataSource': {'ID': 'ghsa', 'Name': 'GitHub Security Advisory Npm', 'URL': 'https://github.com/advisories?query=type%3Areviewed+ecosystem%3Anpm'}, 'Title': 'tmpl vulnerable to Inefficient Regular Expression Complexity which may lead to resource exhaustion', 'Description': 'nodejs-tmpl is vulnerable to Inefficient Regular Expression Complexity', 'Severity': 'HIGH', 'CVSS': {'ghsa': {'V3Vector': 'CVSS:3.0/AV:N/AC:L/PR:N/UI:N/S:U/C:N/I:N/A:H', 'V3Score': 7.5}, 'nvd': {'V2Vector': 'AV:N/AC:L/Au:N/C:N/I:N/A:C', 'V3Vector': 'CVSS:3.1/AV:N/AC:L/PR:N/UI:N/S:U/C:N/I:N/A:H', 'V2Score': 7.8, 'V3Score': 7.5}}, 'References': ['https://github.com/daaku/nodejs-tmpl', 'https://github.com/daaku/nodejs-tmpl/commit/4c654e4d1542f329ed561fd95ccd80f30c6872d6', 'https://huntr.dev/bounties/a07b547a-f457-41c9-9d89-ee48bee8a4df', 'https://nvd.nist.gov/vuln/detail/CVE-2021-3777'], 'PublishedDate': '2021-09-15T08:15:00Z', 'LastModifiedDate': '2022-07-29T16:46:00Z'}"
28,yarn.lock,lang-pkgs,yarn,"{'VulnerabilityID': 'CVE-2022-25927', 'PkgID': 'ua-parser-js@0.7.28', 'PkgName': 'ua-parser-js', 'InstalledVersion': '0.7.28', 'FixedVersion': '0.7.33, 1.0.33', 'Status': 'fixed', 'Layer': {}, 'SeveritySource': 'ghsa', 'PrimaryURL': 'https://avd.aquasec.com/nvd/cve-2022-25927', 'DataSource': {'ID': 'ghsa', 'Name': 'GitHub Security Advisory Npm', 'URL': 'https://github.com/advisories?query=type%3Areviewed+ecosystem%3Anpm'}, 'Title': 'ReDoS vulnerability via the trim() function', 'Description': 'Versions of the package ua-parser-js from 0.7.30 and before 0.7.33, from 0.8.1 and before 1.0.33 are vulnerable to Regular Expression Denial of Service (ReDoS) via the trim() function.', 'Severity': 'HIGH', 'CweIDs': ['CWE-1333'], 'CVSS': {'ghsa': {'V3Vector': 'CVSS:3.1/AV:N/AC:L/PR:N/UI:N/S:U/C:N/I:N/A:H', 'V3Score': 7.5}, 'nvd': {'V3Vector': 'CVSS:3.1/AV:N/AC:L/PR:N/UI:N/S:U/C:N/I:N/A:H', 'V3Score': 7.5}, 'redhat': {'V3Vector': 'CVSS:3.1/AV:N/AC:L/PR:N/UI:N/S:U/C:N/I:N/A:H', 'V3Score': 7.5}}, 'References': ['https://access.redhat.com/security/cve/CVE-2022-25927', 'https://github.com/faisalman/ua-parser-js', 'https://github.com/faisalman/ua-parser-js/commit/a6140a17dd0300a35cfc9cff999545f267889411', 'https://github.com/faisalman/ua-parser-js/security/advisories/GHSA-fhg7-m89q-25r3', 'https://nvd.nist.gov/vuln/detail/CVE-2022-25927', 'https://security.snyk.io/vuln/SNYK-JS-UAPARSERJS-3244450', 'https://www.cve.org/CVERecord?id=CVE-2022-25927'], 'PublishedDate': '2023-01-26T21:15:00Z', 'LastModifiedDate': '2023-02-02T18:26:00Z'}"
29,yarn.lock,lang-pkgs,yarn,"{'VulnerabilityID': 'CVE-2022-0686', 'PkgID': 'url-parse@1.5.1', 'PkgName': 'url-parse', 'InstalledVersion': '1.5.1', 'FixedVersion': '1.5.8', 'Status': 'fixed', 'Layer': {}, 'SeveritySource': 'ghsa', 'PrimaryURL': 'https://avd.aquasec.com/nvd/cve-2022-0686', 'DataSource': {'ID': 'ghsa', 'Name': 'GitHub Security Advisory Npm', 'URL': 'https://github.com/advisories?query=type%3Areviewed+ecosystem%3Anpm'}, 'Title': 'Authorization bypass through user-controlled key', 'Description': 'Authorization Bypass Through User-Controlled Key in NPM url-parse prior to 1.5.8.', 'Severity': 'CRITICAL', 'CweIDs': ['CWE-639'], 'CVSS': {'ghsa': {'V3Vector': 'CVSS:3.1/AV:N/AC:L/PR:N/UI:N/S:U/C:H/I:H/A:N', 'V3Score': 9.1}, 'nvd': {'V2Vector': 'AV:N/AC:L/Au:N/C:P/I:P/A:N', 'V3Vector': 'CVSS:3.1/AV:N/AC:L/PR:N/UI:N/S:U/C:H/I:H/A:N', 'V2Score': 6.4, 'V3Score': 9.1}, 'redhat': {'V3Vector': 'CVSS:3.1/AV:N/AC:L/PR:N/UI:N/S:U/C:H/I:H/A:N', 'V3Score': 9.1}}, 'References': ['https://access.redhat.com/security/cve/CVE-2022-0686', 'https://cve.mitre.org/cgi-bin/cvename.cgi?name=CVE-2022-0686', 'https://github.com/unshiftio/url-parse', 'https://github.com/unshiftio/url-parse/commit/d5c64791ef496ca5459ae7f2176a31ea53b127e5', 'https://github.com/unshiftio/url-parse/commit/d5c64791ef496ca5459ae7f2176a31ea53b127e5 (1.5.8)', 'https://huntr.dev/bounties/55fd06cd-9054-4d80-83be-eb5a454be78c', 'https://lists.debian.org/debian-lts-announce/2023/02/msg00030.html', 'https://nvd.nist.gov/vuln/detail/CVE-2022-0686', 'https://security.netapp.com/advisory/ntap-20220325-0006/', 'https://ubuntu.com/security/notices/USN-5973-1', 'https://www.cve.org/CVERecord?id=CVE-2022-0686'], 'PublishedDate': '2022-02-20T13:15:00Z', 'LastModifiedDate': '2023-02-23T03:15:00Z'}"
30,yarn.lock,lang-pkgs,yarn,"{'VulnerabilityID': 'CVE-2021-3664', 'PkgID': 'url-parse@1.5.1', 'PkgName': 'url-parse', 'InstalledVersion': '1.5.1', 'FixedVersion': '1.5.2', 'Status': 'fixed', 'Layer': {}, 'SeveritySource': 'ghsa', 'PrimaryURL': 'https://avd.aquasec.com/nvd/cve-2021-3664', 'DataSource': {'ID': 'ghsa', 'Name': 'GitHub Security Advisory Npm', 'URL': 'https://github.com/advisories?query=type%3Areviewed+ecosystem%3Anpm'}, 'Title': 'URL Redirection to Untrusted Site', 'Description': 'url-parse is vulnerable to URL Redirection to Untrusted Site', 'Severity': 'MEDIUM', 'CweIDs': ['CWE-601'], 'CVSS': {'ghsa': {'V3Vector': 'CVSS:3.1/AV:N/AC:L/PR:N/UI:R/S:C/C:L/I:L/A:N', 'V3Score': 6.1}, 'nvd': {'V2Vector': 'AV:N/AC:L/Au:N/C:N/I:P/A:N', 'V3Vector': 'CVSS:3.1/AV:N/AC:L/PR:N/UI:N/S:U/C:N/I:L/A:N', 'V2Score': 5, 'V3Score': 5.3}, 'redhat': {'V3Vector': 'CVSS:3.1/AV:N/AC:L/PR:N/UI:N/S:U/C:N/I:L/A:N', 'V3Score': 5.3}}, 'References': ['https://access.redhat.com/security/cve/CVE-2021-3664', 'https://cve.mitre.org/cgi-bin/cvename.cgi?name=CVE-2021-3664', 'https://github.com/unshiftio/url-parse', 'https://github.com/unshiftio/url-parse/commit/81ab967889b08112d3356e451bf03e6aa0cbb7e0', 'https://github.com/unshiftio/url-parse/issues/205', 'https://github.com/unshiftio/url-parse/issues/206', 'https://huntr.dev/bounties/1625557993985-unshiftio/url-parse', 'https://huntr.dev/bounties/1625557993985-unshiftio/url-parse/', 'https://lists.debian.org/debian-lts-announce/2023/02/msg00030.html', 'https://nvd.nist.gov/vuln/detail/CVE-2021-3664', 'https://ubuntu.com/security/notices/USN-5973-1', 'https://www.cve.org/CVERecord?id=CVE-2021-3664'], 'PublishedDate': '2021-07-26T12:15:00Z', 'LastModifiedDate': '2023-02-23T03:15:00Z'}"
31,yarn.lock,lang-pkgs,yarn,"{'VulnerabilityID': 'CVE-2022-0512', 'PkgID': 'url-parse@1.5.1', 'PkgName': 'url-parse', 'InstalledVersion': '1.5.1', 'FixedVersion': '1.5.6', 'Status': 'fixed', 'Layer': {}, 'SeveritySource': 'ghsa', 'PrimaryURL': 'https://avd.aquasec.com/nvd/cve-2022-0512', 'DataSource': {'ID': 'ghsa', 'Name': 'GitHub Security Advisory Npm', 'URL': 'https://github.com/advisories?query=type%3Areviewed+ecosystem%3Anpm'}, 'Title': 'nodejs-url-parse: authorization bypass through user-controlled key', 'Description': 'Authorization Bypass Through User-Controlled Key in NPM url-parse prior to 1.5.6.', 'Severity': 'MEDIUM', 'CweIDs': ['CWE-639'], 'CVSS': {'ghsa': {'V3Vector': 'CVSS:3.1/AV:N/AC:L/PR:N/UI:N/S:U/C:N/I:L/A:N', 'V3Score': 5.3}, 'nvd': {'V2Vector': 'AV:N/AC:L/Au:N/C:N/I:P/A:N', 'V3Vector': 'CVSS:3.1/AV:N/AC:L/PR:N/UI:N/S:U/C:N/I:L/A:N', 'V2Score': 5, 'V3Score': 5.3}, 'redhat': {'V3Vector': 'CVSS:3.1/AV:N/AC:L/PR:L/UI:N/S:U/C:H/I:H/A:H', 'V3Score': 8.8}}, 'References': ['https://access.redhat.com/security/cve/CVE-2022-0512', 'https://cve.mitre.org/cgi-bin/cvename.cgi?name=CVE-2022-0512', 'https://github.com/unshiftio/url-parse', 'https://github.com/unshiftio/url-parse/commit/9be7ee88afd2bb04e4d5a1a8da9a389ac13f8c40', 'https://huntr.dev/bounties/6d1bc51f-1876-4f5b-a2c2-734e09e8e05b', 'https://lists.debian.org/debian-lts-announce/2023/02/msg00030.html', 'https://nvd.nist.gov/vuln/detail/CVE-2022-0512', 'https://ubuntu.com/security/notices/USN-5973-1', 'https://www.cve.org/CVERecord?id=CVE-2022-0512'], 'PublishedDate': '2022-02-14T16:15:00Z', 'LastModifiedDate': '2023-02-23T03:15:00Z'}"
32,yarn.lock,lang-pkgs,yarn,"{'VulnerabilityID': 'CVE-2022-0639', 'PkgID': 'url-parse@1.5.1', 'PkgName': 'url-parse', 'InstalledVersion': '1.5.1', 'FixedVersion': '1.5.7', 'Status': 'fixed', 'Layer': {}, 'SeveritySource': 'ghsa', 'PrimaryURL': 'https://avd.aquasec.com/nvd/cve-2022-0639', 'DataSource': {'ID': 'ghsa', 'Name': 'GitHub Security Advisory Npm', 'URL': 'https://github.com/advisories?query=type%3Areviewed+ecosystem%3Anpm'}, 'Title': 'Authorization Bypass Through User-Controlled Key', 'Description': 'Authorization Bypass Through User-Controlled Key in NPM url-parse prior to 1.5.7.', 'Severity': 'MEDIUM', 'CweIDs': ['CWE-639'], 'CVSS': {'ghsa': {'V3Vector': 'CVSS:3.0/AV:N/AC:L/PR:N/UI:N/S:U/C:L/I:L/A:N', 'V3Score': 6.5}, 'nvd': {'V2Vector': 'AV:N/AC:L/Au:N/C:N/I:P/A:N', 'V3Vector': 'CVSS:3.1/AV:N/AC:L/PR:N/UI:N/S:U/C:N/I:L/A:N', 'V2Score': 5, 'V3Score': 5.3}, 'redhat': {'V3Vector': 'CVSS:3.1/AV:L/AC:L/PR:N/UI:N/S:U/C:N/I:H/A:N', 'V3Score': 6.2}}, 'References': ['https://access.redhat.com/security/cve/CVE-2022-0639', 'https://cve.mitre.org/cgi-bin/cvename.cgi?name=CVE-2022-0639', 'https://github.com/unshiftio/url-parse', 'https://github.com/unshiftio/url-parse/commit/ef45a1355375a8244063793a19059b4f62fc8788', 'https://github.com/unshiftio/url-parse/commit/ef45a1355375a8244063793a19059b4f62fc8788 (1.5.7)', 'https://huntr.dev/bounties/83a6bc9a-b542-4a38-82cd-d995a1481155', 'https://lists.debian.org/debian-lts-announce/2023/02/msg00030.html', 'https://nvd.nist.gov/vuln/detail/CVE-2022-0639', 'https://ubuntu.com/security/notices/USN-5973-1', 'https://www.cve.org/CVERecord?id=CVE-2022-0639'], 'PublishedDate': '2022-02-17T18:15:00Z', 'LastModifiedDate': '2023-02-23T03:15:00Z'}"
33,yarn.lock,lang-pkgs,yarn,"{'VulnerabilityID': 'CVE-2022-0691', 'PkgID': 'url-parse@1.5.1', 'PkgName': 'url-parse', 'InstalledVersion': '1.5.1', 'FixedVersion': '1.5.9', 'Status': 'fixed', 'Layer': {}, 'SeveritySource': 'ghsa', 'PrimaryURL': 'https://avd.aquasec.com/nvd/cve-2022-0691', 'DataSource': {'ID': 'ghsa', 'Name': 'GitHub Security Advisory Npm', 'URL': 'https://github.com/advisories?query=type%3Areviewed+ecosystem%3Anpm'}, 'Title': 'authorization bypass through user-controlled key', 'Description': 'Authorization Bypass Through User-Controlled Key in NPM url-parse prior to 1.5.9.', 'Severity': 'MEDIUM', 'CweIDs': ['CWE-639'], 'CVSS': {'ghsa': {'V3Vector': 'CVSS:3.0/AV:N/AC:L/PR:N/UI:N/S:U/C:L/I:L/A:N', 'V3Score': 6.5}, 'nvd': {'V2Vector': 'AV:N/AC:L/Au:N/C:P/I:P/A:P', 'V3Vector': 'CVSS:3.1/AV:N/AC:L/PR:N/UI:N/S:U/C:H/I:H/A:H', 'V2Score': 7.5, 'V3Score': 9.8}, 'redhat': {'V3Vector': 'CVSS:3.1/AV:N/AC:L/PR:N/UI:N/S:U/C:H/I:H/A:H', 'V3Score': 9.8}}, 'References': ['https://access.redhat.com/security/cve/CVE-2022-0691', 'https://cve.mitre.org/cgi-bin/cvename.cgi?name=CVE-2022-0691', 'https://github.com/unshiftio/url-parse', 'https://github.com/unshiftio/url-parse/commit/0e3fb542d60ddbf6933f22eb9b1e06e25eaa5b63', 'https://github.com/unshiftio/url-parse/commit/0e3fb542d60ddbf6933f22eb9b1e06e25eaa5b63 (1.5.9)', 'https://huntr.dev/bounties/57124ed5-4b68-4934-8325-2c546257f2e4', 'https://lists.debian.org/debian-lts-announce/2023/02/msg00030.html', 'https://nvd.nist.gov/vuln/detail/CVE-2022-0691', 'https://security.netapp.com/advisory/ntap-20220325-0006/', 'https://ubuntu.com/security/notices/USN-5973-1', 'https://www.cve.org/CVERecord?id=CVE-2022-0691'], 'PublishedDate': '2022-02-21T09:15:00Z', 'LastModifiedDate': '2023-02-23T03:15:00Z'}"
34,yarn.lock,lang-pkgs,yarn,"{'VulnerabilityID': 'CVE-2023-0842', 'PkgID': 'xml2js@0.4.23', 'PkgName': 'xml2js', 'InstalledVersion': '0.4.23', 'FixedVersion': '0.5.0', 'Status': 'fixed', 'Layer': {}, 'SeveritySource': 'ghsa', 'PrimaryURL': 'https://avd.aquasec.com/nvd/cve-2023-0842', 'DataSource': {'ID': 'ghsa', 'Name': 'GitHub Security Advisory Npm', 'URL': 'https://github.com/advisories?query=type%3Areviewed+ecosystem%3Anpm'}, 'Title': 'xml2js is vulnerable to prototype pollution', 'Description': 'xml2js version 0.4.23 allows an external attacker to edit or add new properties to an object. This is possible because the application does not properly validate incoming JSON keys, thus allowing the __proto__ property to be edited.', 'Severity': 'MEDIUM', 'CweIDs': ['CWE-1321'], 'CVSS': {'ghsa': {'V3Vector': 'CVSS:3.1/AV:N/AC:L/PR:N/UI:N/S:U/C:N/I:L/A:N', 'V3Score': 5.3}, 'nvd': {'V3Vector': 'CVSS:3.1/AV:N/AC:L/PR:N/UI:N/S:U/C:N/I:L/A:N', 'V3Score': 5.3}, 'redhat': {'V3Vector': 'CVSS:3.1/AV:N/AC:L/PR:N/UI:N/S:U/C:N/I:L/A:N', 'V3Score': 5.3}}, 'References': ['https://access.redhat.com/security/cve/CVE-2023-0842', 'https://fluidattacks.com/advisories/myers/', 'https://github.com/Leonidas-from-XIV/node-xml2js', 'https://github.com/Leonidas-from-XIV/node-xml2js/', 'https://github.com/Leonidas-from-XIV/node-xml2js/issues/663', 'https://github.com/Leonidas-from-XIV/node-xml2js/pull/603/commits/581b19a62d88f8a3c068b5a45f4542c2d6a495a5', 'https://github.com/advisories/GHSA-776f-qx25-q3cc', 'https://nvd.nist.gov/vuln/detail/CVE-2023-0842', 'https://www.cve.org/CVERecord?id=CVE-2023-0842'], 'PublishedDate': '2023-04-05T20:15:00Z', 'LastModifiedDate': '2023-04-12T19:32:00Z'}"
35,yarn.lock,lang-pkgs,yarn,"{'VulnerabilityID': 'CVE-2022-39353', 'PkgID': 'xmldom@0.5.0', 'PkgName': 'xmldom', 'InstalledVersion': '0.5.0', 'Status': 'affected', 'Layer': {}, 'SeveritySource': 'ghsa', 'PrimaryURL': 'https://avd.aquasec.com/nvd/cve-2022-39353', 'DataSource': {'ID': 'ghsa', 'Name': 'GitHub Security Advisory Npm', 'URL': 'https://github.com/advisories?query=type%3Areviewed+ecosystem%3Anpm'}, 'Title': 'Allows multiple root elements in a DOM tree', 'Description': 'xmldom is a pure JavaScript W3C standard-based (XML DOM Level 2 Core) `DOMParser` and `XMLSerializer` module. xmldom parses XML that is not well-formed because it contains multiple top level elements, and adds all root nodes to the `childNodes` collection of the `Document`, without reporting any error or throwing. This breaks the assumption that there is only a single root node in the tree, which led to issuance of CVE-2022-39299 as it is a potential issue for dependents. Update to @xmldom/xmldom@~0.7.7, @xmldom/xmldom@~0.8.4 (dist-tag latest) or @xmldom/xmldom@>=0.9.0-beta.4 (dist-tag next). As a workaround, please one of the following approaches depending on your use case: instead of searching for elements in the whole DOM, only search in the `documentElement`or reject a document with a document that has more then 1 `childNode`.', 'Severity': 'CRITICAL', 'CweIDs': ['CWE-20', 'CWE-1288'], 'CVSS': {'ghsa': {'V3Vector': 'CVSS:3.1/AV:N/AC:L/PR:N/UI:N/S:U/C:H/I:H/A:H', 'V3Score': 9.8}, 'nvd': {'V3Vector': 'CVSS:3.1/AV:N/AC:L/PR:N/UI:N/S:U/C:H/I:H/A:H', 'V3Score': 9.8}, 'redhat': {'V3Vector': 'CVSS:3.1/AV:N/AC:L/PR:N/UI:N/S:U/C:L/I:H/A:H', 'V3Score': 9.4}}, 'References': ['https://access.redhat.com/security/cve/CVE-2022-39353', 'https://cve.mitre.org/cgi-bin/cvename.cgi?name=CVE-2022-39353', 'https://github.com/jindw/xmldom/issues/150', 'https://github.com/xmldom/xmldom', 'https://github.com/xmldom/xmldom/commit/52a708360c35aa160fcca8621720d71fd0f95f1a', 'https://github.com/xmldom/xmldom/commit/7ff7c10ab2961703ac1752e95b4ff60ee4ee6643', 'https://github.com/xmldom/xmldom/commit/c02f786216bed70825f9a351c65e61500f51e931', 'https://github.com/xmldom/xmldom/releases/tag/0.7.7', 'https://github.com/xmldom/xmldom/releases/tag/0.8.4', 'https://github.com/xmldom/xmldom/releases/tag/0.9.0-beta.4', 'https://github.com/xmldom/xmldom/security/advisories/GHSA-crh6-fp67-6883', 'https://lists.debian.org/debian-lts-announce/2023/01/msg00000.html', 'https://nvd.nist.gov/vuln/detail/CVE-2022-39353', 'https://ubuntu.com/security/notices/USN-6102-1', 'https://www.cve.org/CVERecord?id=CVE-2022-39353'], 'PublishedDate': '2022-11-02T17:15:00Z', 'LastModifiedDate': '2023-03-01T14:03:00Z'}"
36,yarn.lock,lang-pkgs,yarn,"{'VulnerabilityID': 'CVE-2021-32796', 'PkgID': 'xmldom@0.5.0', 'PkgName': 'xmldom', 'InstalledVersion': '0.5.0', 'FixedVersion': '0.7.0', 'Status': 'fixed', 'Layer': {}, 'SeveritySource': 'ghsa', 'PrimaryURL': 'https://avd.aquasec.com/nvd/cve-2021-32796', 'DataSource': {'ID': 'ghsa', 'Name': 'GitHub Security Advisory Npm', 'URL': 'https://github.com/advisories?query=type%3Areviewed+ecosystem%3Anpm'}, 'Title': 'misinterpretation of malicious XML input', 'Description': 'xmldom is an open source pure JavaScript W3C standard-based (XML DOM Level 2 Core) DOMParser and XMLSerializer module. xmldom versions 0.6.0 and older do not correctly escape special characters when serializing elements removed from their ancestor. This may lead to unexpected syntactic changes during XML processing in some downstream applications. This issue has been resolved in version 0.7.0. As a workaround downstream applications can validate the input and reject the maliciously crafted documents.', 'Severity': 'MEDIUM', 'CweIDs': ['CWE-116', 'CWE-91'], 'CVSS': {'ghsa': {'V3Vector': 'CVSS:3.1/AV:N/AC:L/PR:N/UI:N/S:U/C:L/I:L/A:N', 'V3Score': 6.5}, 'nvd': {'V2Vector': 'AV:N/AC:L/Au:N/C:N/I:P/A:N', 'V3Vector': 'CVSS:3.1/AV:N/AC:L/PR:N/UI:N/S:U/C:N/I:L/A:N', 'V2Score': 5, 'V3Score': 5.3}, 'redhat': {'V3Vector': 'CVSS:3.1/AV:N/AC:L/PR:N/UI:N/S:U/C:L/I:L/A:N', 'V3Score': 6.5}}, 'References': ['https://access.redhat.com/security/cve/CVE-2021-32796', 'https://cve.mitre.org/cgi-bin/cvename.cgi?name=CVE-2021-32796', 'https://github.com/xmldom/xmldom', 'https://github.com/xmldom/xmldom/commit/7b4b743917a892d407356e055b296dcd6d107e8b', 'https://github.com/xmldom/xmldom/security/advisories/GHSA-5fg8-2547-mr8q', 'https://mattermost.com/blog/coordinated-disclosure-go-xml-vulnerabilities/', 'https://mattermost.com/blog/securing-xml-implementations-across-the-web/', 'https://nvd.nist.gov/vuln/detail/CVE-2021-32796', 'https://www.cve.org/CVERecord?id=CVE-2021-32796', 'https://www.npmjs.com/package/@xmldom/xmldom'], 'PublishedDate': '2021-07-27T22:15:00Z', 'LastModifiedDate': '2022-04-25T17:25:00Z'}"
